[{"model": "admin.logentry", "pk": 1, "fields": {"action_time": "2022-07-01T04:06:34.604", "user": 1, "content_type": 13, "object_id": "1", "object_repr": "a61207@ualg.pt", "action_flag": 1, "change_message": "[{\"added\": {}}]"}}, {"model": "admin.logentry", "pk": 2, "fields": {"action_time": "2022-07-01T17:58:26.033", "user": 1, "content_type": 21, "object_id": "1", "object_repr": "Modalidadepagamento object (1)", "action_flag": 1, "change_message": "[{\"added\": {}}]"}}, {"model": "admin.logentry", "pk": 3, "fields": {"action_time": "2022-07-01T17:58:35.893", "user": 1, "content_type": 15, "object_id": "1", "object_repr": "Contrato object (1)", "action_flag": 1, "change_message": "[{\"added\": {}}]"}}, {"model": "admin.logentry", "pk": 4, "fields": {"action_time": "2022-07-01T18:01:31.303", "user": 1, "content_type": 24, "object_id": "1", "object_repr": "Periocidade object (1)", "action_flag": 1, "change_message": "[{\"added\": {}}]"}}, {"model": "admin.logentry", "pk": 5, "fields": {"action_time": "2022-07-01T18:01:52.759", "user": 1, "content_type": 24, "object_id": "2", "object_repr": "Periocidade object (2)", "action_flag": 1, "change_message": "[{\"added\": {}}]"}}, {"model": "admin.logentry", "pk": 6, "fields": {"action_time": "2022-07-01T18:02:09.394", "user": 1, "content_type": 24, "object_id": "3", "object_repr": "Periocidade object (3)", "action_flag": 1, "change_message": "[{\"added\": {}}]"}}, {"model": "admin.logentry", "pk": 7, "fields": {"action_time": "2022-07-01T18:02:34.782", "user": 1, "content_type": 24, "object_id": "4", "object_repr": "Periocidade object (4)", "action_flag": 1, "change_message": "[{\"added\": {}}]"}}, {"model": "admin.logentry", "pk": 8, "fields": {"action_time": "2022-07-01T18:02:56.998", "user": 1, "content_type": 24, "object_id": "5", "object_repr": "Periocidade object (5)", "action_flag": 1, "change_message": "[{\"added\": {}}]"}}, {"model": "admin.logentry", "pk": 9, "fields": {"action_time": "2022-07-01T18:03:13.726", "user": 1, "content_type": 24, "object_id": "6", "object_repr": "Periocidade object (6)", "action_flag": 1, "change_message": "[{\"added\": {}}]"}}, {"model": "admin.logentry", "pk": 10, "fields": {"action_time": "2022-07-01T18:03:33.493", "user": 1, "content_type": 24, "object_id": "7", "object_repr": "Periocidade object (7)", "action_flag": 1, "change_message": "[{\"added\": {}}]"}}, {"model": "admin.logentry", "pk": 11, "fields": {"action_time": "2022-07-01T18:03:52.760", "user": 1, "content_type": 24, "object_id": "8", "object_repr": "Periocidade object (8)", "action_flag": 1, "change_message": "[{\"added\": {}}]"}}, {"model": "admin.logentry", "pk": 12, "fields": {"action_time": "2022-07-01T18:04:10.576", "user": 1, "content_type": 24, "object_id": "9", "object_repr": "Periocidade object (9)", "action_flag": 1, "change_message": "[{\"added\": {}}]"}}, {"model": "admin.logentry", "pk": 13, "fields": {"action_time": "2022-07-01T18:04:14.211", "user": 1, "content_type": 24, "object_id": "9", "object_repr": "Periocidade object (9)", "action_flag": 2, "change_message": "[]"}}, {"model": "admin.logentry", "pk": 14, "fields": {"action_time": "2022-07-01T18:04:37.064", "user": 1, "content_type": 24, "object_id": "10", "object_repr": "Periocidade object (10)", "action_flag": 1, "change_message": "[{\"added\": {}}]"}}, {"model": "admin.logentry", "pk": 15, "fields": {"action_time": "2022-07-01T18:05:08.318", "user": 1, "content_type": 24, "object_id": "11", "object_repr": "Periocidade object (11)", "action_flag": 1, "change_message": "[{\"added\": {}}]"}}, {"model": "admin.logentry", "pk": 16, "fields": {"action_time": "2022-07-01T18:05:22.554", "user": 1, "content_type": 24, "object_id": "12", "object_repr": "Periocidade object (12)", "action_flag": 1, "change_message": "[{\"added\": {}}]"}}, {"model": "admin.logentry", "pk": 17, "fields": {"action_time": "2022-07-01T18:05:43.290", "user": 1, "content_type": 24, "object_id": "13", "object_repr": "Periocidade object (13)", "action_flag": 1, "change_message": "[{\"added\": {}}]"}}, {"model": "admin.logentry", "pk": 18, "fields": {"action_time": "2022-07-01T18:06:06.590", "user": 1, "content_type": 24, "object_id": "14", "object_repr": "Periocidade object (14)", "action_flag": 1, "change_message": "[{\"added\": {}}]"}}, {"model": "admin.logentry", "pk": 19, "fields": {"action_time": "2022-07-01T18:06:24.054", "user": 1, "content_type": 24, "object_id": "15", "object_repr": "Periocidade object (15)", "action_flag": 1, "change_message": "[{\"added\": {}}]"}}, {"model": "admin.logentry", "pk": 20, "fields": {"action_time": "2022-07-01T18:06:42.935", "user": 1, "content_type": 24, "object_id": "16", "object_repr": "Periocidade object (16)", "action_flag": 1, "change_message": "[{\"added\": {}}]"}}, {"model": "admin.logentry", "pk": 21, "fields": {"action_time": "2022-07-01T18:08:16.650", "user": 1, "content_type": 24, "object_id": "17", "object_repr": "Periocidade object (17)", "action_flag": 1, "change_message": "[{\"added\": {}}]"}}, {"model": "admin.logentry", "pk": 22, "fields": {"action_time": "2022-07-01T18:08:58.811", "user": 1, "content_type": 24, "object_id": "18", "object_repr": "Periocidade object (18)", "action_flag": 1, "change_message": "[{\"added\": {}}]"}}, {"model": "admin.logentry", "pk": 23, "fields": {"action_time": "2022-07-01T18:09:24.003", "user": 1, "content_type": 24, "object_id": "19", "object_repr": "Periocidade object (19)", "action_flag": 1, "change_message": "[{\"added\": {}}]"}}, {"model": "admin.logentry", "pk": 24, "fields": {"action_time": "2022-07-01T18:10:34.742", "user": 1, "content_type": 17, "object_id": "1", "object_repr": "EntradasSaidas object (1)", "action_flag": 1, "change_message": "[{\"added\": {}}]"}}, {"model": "admin.logentry", "pk": 25, "fields": {"action_time": "2022-07-01T18:10:56.490", "user": 1, "content_type": 17, "object_id": "2", "object_repr": "EntradasSaidas object (2)", "action_flag": 1, "change_message": "[{\"added\": {}}]"}}, {"model": "admin.logentry", "pk": 26, "fields": {"action_time": "2022-07-01T18:11:12.102", "user": 1, "content_type": 17, "object_id": "3", "object_repr": "EntradasSaidas object (3)", "action_flag": 1, "change_message": "[{\"added\": {}}]"}}, {"model": "admin.logentry", "pk": 27, "fields": {"action_time": "2022-07-01T18:11:30.900", "user": 1, "content_type": 17, "object_id": "4", "object_repr": "EntradasSaidas object (4)", "action_flag": 1, "change_message": "[{\"added\": {}}]"}}, {"model": "admin.logentry", "pk": 28, "fields": {"action_time": "2022-07-01T18:11:59.947", "user": 1, "content_type": 17, "object_id": "4", "object_repr": "EntradasSaidas object (4)", "action_flag": 2, "change_message": "[{\"changed\": {\"fields\": [\"Periocidadeid\"]}}]"}}, {"model": "admin.logentry", "pk": 29, "fields": {"action_time": "2022-07-01T18:12:27.759", "user": 1, "content_type": 17, "object_id": "5", "object_repr": "EntradasSaidas object (5)", "action_flag": 1, "change_message": "[{\"added\": {}}]"}}, {"model": "admin.logentry", "pk": 30, "fields": {"action_time": "2022-07-01T18:12:34.345", "user": 1, "content_type": 17, "object_id": "4", "object_repr": "EntradasSaidas object (4)", "action_flag": 2, "change_message": "[{\"changed\": {\"fields\": [\"Lugarid\"]}}]"}}, {"model": "admin.logentry", "pk": 31, "fields": {"action_time": "2022-07-01T18:12:38.249", "user": 1, "content_type": 17, "object_id": "3", "object_repr": "EntradasSaidas object (3)", "action_flag": 2, "change_message": "[{\"changed\": {\"fields\": [\"Lugarid\"]}}]"}}, {"model": "admin.logentry", "pk": 32, "fields": {"action_time": "2022-07-01T18:12:42.855", "user": 1, "content_type": 17, "object_id": "2", "object_repr": "EntradasSaidas object (2)", "action_flag": 2, "change_message": "[{\"changed\": {\"fields\": [\"Lugarid\"]}}]"}}, {"model": "admin.logentry", "pk": 33, "fields": {"action_time": "2022-07-01T18:12:47.454", "user": 1, "content_type": 17, "object_id": "1", "object_repr": "EntradasSaidas object (1)", "action_flag": 2, "change_message": "[{\"changed\": {\"fields\": [\"Lugarid\"]}}]"}}, {"model": "admin.logentry", "pk": 34, "fields": {"action_time": "2022-07-01T18:13:01.401", "user": 1, "content_type": 17, "object_id": "6", "object_repr": "EntradasSaidas object (6)", "action_flag": 1, "change_message": "[{\"added\": {}}]"}}, {"model": "admin.logentry", "pk": 35, "fields": {"action_time": "2022-07-01T18:13:16.732", "user": 1, "content_type": 17, "object_id": "7", "object_repr": "EntradasSaidas object (7)", "action_flag": 1, "change_message": "[{\"added\": {}}]"}}, {"model": "admin.logentry", "pk": 36, "fields": {"action_time": "2022-07-01T18:13:32.611", "user": 1, "content_type": 17, "object_id": "8", "object_repr": "EntradasSaidas object (8)", "action_flag": 1, "change_message": "[{\"added\": {}}]"}}, {"model": "admin.logentry", "pk": 37, "fields": {"action_time": "2022-07-01T18:14:18.254", "user": 1, "content_type": 17, "object_id": "9", "object_repr": "EntradasSaidas object (9)", "action_flag": 1, "change_message": "[{\"added\": {}}]"}}, {"model": "admin.logentry", "pk": 38, "fields": {"action_time": "2022-07-01T18:14:49.248", "user": 1, "content_type": 17, "object_id": "10", "object_repr": "EntradasSaidas object (10)", "action_flag": 1, "change_message": "[{\"added\": {}}]"}}, {"model": "admin.logentry", "pk": 39, "fields": {"action_time": "2022-07-01T18:15:09.732", "user": 1, "content_type": 17, "object_id": "11", "object_repr": "EntradasSaidas object (11)", "action_flag": 1, "change_message": "[{\"added\": {}}]"}}, {"model": "admin.logentry", "pk": 40, "fields": {"action_time": "2022-07-01T18:16:10.424", "user": 1, "content_type": 19, "object_id": "1", "object_repr": "Estadoreserva object (1)", "action_flag": 1, "change_message": "[{\"added\": {}}]"}}, {"model": "admin.logentry", "pk": 41, "fields": {"action_time": "2022-07-01T18:16:25.766", "user": 1, "content_type": 19, "object_id": "2", "object_repr": "Estadoreserva object (2)", "action_flag": 1, "change_message": "[{\"added\": {}}]"}}, {"model": "admin.logentry", "pk": 42, "fields": {"action_time": "2022-07-01T18:19:17.844", "user": 1, "content_type": 22, "object_id": "2", "object_repr": "Ualg Penha", "action_flag": 1, "change_message": "[{\"added\": {}}]"}}, {"model": "admin.logentry", "pk": 43, "fields": {"action_time": "2022-07-01T18:20:53.881", "user": 1, "content_type": 29, "object_id": "1", "object_repr": "Reserva object (1)", "action_flag": 1, "change_message": "[{\"added\": {}}]"}}, {"model": "admin.logentry", "pk": 44, "fields": {"action_time": "2022-07-01T18:22:15.655", "user": 1, "content_type": 29, "object_id": "2", "object_repr": "Reserva object (2)", "action_flag": 1, "change_message": "[{\"added\": {}}]"}}, {"model": "admin.logentry", "pk": 45, "fields": {"action_time": "2022-07-01T18:23:29.974", "user": 1, "content_type": 29, "object_id": "3", "object_repr": "Reserva object (3)", "action_flag": 1, "change_message": "[{\"added\": {}}]"}}, {"model": "admin.logentry", "pk": 46, "fields": {"action_time": "2022-07-01T18:24:45.246", "user": 1, "content_type": 29, "object_id": "4", "object_repr": "Reserva object (4)", "action_flag": 1, "change_message": "[{\"added\": {}}]"}}, {"model": "admin.logentry", "pk": 47, "fields": {"action_time": "2022-07-01T18:26:00.845", "user": 1, "content_type": 29, "object_id": "5", "object_repr": "Reserva object (5)", "action_flag": 1, "change_message": "[{\"added\": {}}]"}}, {"model": "admin.logentry", "pk": 48, "fields": {"action_time": "2022-07-01T18:27:20.262", "user": 1, "content_type": 29, "object_id": "6", "object_repr": "Reserva object (6)", "action_flag": 1, "change_message": "[{\"added\": {}}]"}}, {"model": "admin.logentry", "pk": 49, "fields": {"action_time": "2022-07-01T18:28:13.534", "user": 1, "content_type": 29, "object_id": "7", "object_repr": "Reserva object (7)", "action_flag": 1, "change_message": "[{\"added\": {}}]"}}, {"model": "admin.logentry", "pk": 50, "fields": {"action_time": "2022-07-01T18:29:14.649", "user": 1, "content_type": 29, "object_id": "8", "object_repr": "Reserva object (8)", "action_flag": 1, "change_message": "[{\"added\": {}}]"}}, {"model": "admin.logentry", "pk": 51, "fields": {"action_time": "2022-07-01T18:30:07.743", "user": 1, "content_type": 29, "object_id": "9", "object_repr": "Reserva object (9)", "action_flag": 1, "change_message": "[{\"added\": {}}]"}}, {"model": "admin.logentry", "pk": 52, "fields": {"action_time": "2022-07-01T18:31:11.171", "user": 1, "content_type": 29, "object_id": "10", "object_repr": "Reserva object (10)", "action_flag": 1, "change_message": "[{\"added\": {}}]"}}, {"model": "admin.logentry", "pk": 53, "fields": {"action_time": "2022-07-01T18:31:57.823", "user": 1, "content_type": 29, "object_id": "11", "object_repr": "Reserva object (11)", "action_flag": 1, "change_message": "[{\"added\": {}}]"}}, {"model": "admin.logentry", "pk": 54, "fields": {"action_time": "2022-07-01T18:33:02.182", "user": 1, "content_type": 29, "object_id": "12", "object_repr": "Reserva object (12)", "action_flag": 1, "change_message": "[{\"added\": {}}]"}}, {"model": "admin.logentry", "pk": 55, "fields": {"action_time": "2022-07-01T19:00:06.017", "user": 1, "content_type": 29, "object_id": "13", "object_repr": "Reserva object (13)", "action_flag": 1, "change_message": "[{\"added\": {}}]"}}, {"model": "admin.logentry", "pk": 56, "fields": {"action_time": "2022-07-01T19:00:54.232", "user": 1, "content_type": 29, "object_id": "14", "object_repr": "Reserva object (14)", "action_flag": 1, "change_message": "[{\"added\": {}}]"}}, {"model": "admin.logentry", "pk": 57, "fields": {"action_time": "2022-07-01T19:01:53.249", "user": 1, "content_type": 29, "object_id": "15", "object_repr": "Reserva object (15)", "action_flag": 1, "change_message": "[{\"added\": {}}]"}}, {"model": "admin.logentry", "pk": 58, "fields": {"action_time": "2022-07-01T19:02:48.082", "user": 1, "content_type": 29, "object_id": "16", "object_repr": "Reserva object (16)", "action_flag": 1, "change_message": "[{\"added\": {}}]"}}, {"model": "admin.logentry", "pk": 59, "fields": {"action_time": "2022-07-01T19:03:32.503", "user": 1, "content_type": 29, "object_id": "17", "object_repr": "Reserva object (17)", "action_flag": 1, "change_message": "[{\"added\": {}}]"}}, {"model": "admin.logentry", "pk": 60, "fields": {"action_time": "2022-07-01T19:04:31.322", "user": 1, "content_type": 29, "object_id": "18", "object_repr": "Reserva object (18)", "action_flag": 1, "change_message": "[{\"added\": {}}]"}}, {"model": "admin.logentry", "pk": 61, "fields": {"action_time": "2022-07-01T19:06:46.112", "user": 1, "content_type": 29, "object_id": "19", "object_repr": "Reserva object (19)", "action_flag": 1, "change_message": "[{\"added\": {}}]"}}, {"model": "auth.permission", "pk": 1, "fields": {"name": "Can add log entry", "content_type": 1, "codename": "add_logentry"}}, {"model": "auth.permission", "pk": 2, "fields": {"name": "Can change log entry", "content_type": 1, "codename": "change_logentry"}}, {"model": "auth.permission", "pk": 3, "fields": {"name": "Can delete log entry", "content_type": 1, "codename": "delete_logentry"}}, {"model": "auth.permission", "pk": 4, "fields": {"name": "Can view log entry", "content_type": 1, "codename": "view_logentry"}}, {"model": "auth.permission", "pk": 5, "fields": {"name": "Can add permission", "content_type": 2, "codename": "add_permission"}}, {"model": "auth.permission", "pk": 6, "fields": {"name": "Can change permission", "content_type": 2, "codename": "change_permission"}}, {"model": "auth.permission", "pk": 7, "fields": {"name": "Can delete permission", "content_type": 2, "codename": "delete_permission"}}, {"model": "auth.permission", "pk": 8, "fields": {"name": "Can view permission", "content_type": 2, "codename": "view_permission"}}, {"model": "auth.permission", "pk": 9, "fields": {"name": "Can add group", "content_type": 3, "codename": "add_group"}}, {"model": "auth.permission", "pk": 10, "fields": {"name": "Can change group", "content_type": 3, "codename": "change_group"}}, {"model": "auth.permission", "pk": 11, "fields": {"name": "Can delete group", "content_type": 3, "codename": "delete_group"}}, {"model": "auth.permission", "pk": 12, "fields": {"name": "Can view group", "content_type": 3, "codename": "view_group"}}, {"model": "auth.permission", "pk": 13, "fields": {"name": "Can add content type", "content_type": 4, "codename": "add_contenttype"}}, {"model": "auth.permission", "pk": 14, "fields": {"name": "Can change content type", "content_type": 4, "codename": "change_contenttype"}}, {"model": "auth.permission", "pk": 15, "fields": {"name": "Can delete content type", "content_type": 4, "codename": "delete_contenttype"}}, {"model": "auth.permission", "pk": 16, "fields": {"name": "Can view content type", "content_type": 4, "codename": "view_contenttype"}}, {"model": "auth.permission", "pk": 17, "fields": {"name": "Can add session", "content_type": 5, "codename": "add_session"}}, {"model": "auth.permission", "pk": 18, "fields": {"name": "Can change session", "content_type": 5, "codename": "change_session"}}, {"model": "auth.permission", "pk": 19, "fields": {"name": "Can delete session", "content_type": 5, "codename": "delete_session"}}, {"model": "auth.permission", "pk": 20, "fields": {"name": "Can view session", "content_type": 5, "codename": "view_session"}}, {"model": "auth.permission", "pk": 21, "fields": {"name": "Can add crontab", "content_type": 6, "codename": "add_crontabschedule"}}, {"model": "auth.permission", "pk": 22, "fields": {"name": "Can change crontab", "content_type": 6, "codename": "change_crontabschedule"}}, {"model": "auth.permission", "pk": 23, "fields": {"name": "Can delete crontab", "content_type": 6, "codename": "delete_crontabschedule"}}, {"model": "auth.permission", "pk": 24, "fields": {"name": "Can view crontab", "content_type": 6, "codename": "view_crontabschedule"}}, {"model": "auth.permission", "pk": 25, "fields": {"name": "Can add interval", "content_type": 7, "codename": "add_intervalschedule"}}, {"model": "auth.permission", "pk": 26, "fields": {"name": "Can change interval", "content_type": 7, "codename": "change_intervalschedule"}}, {"model": "auth.permission", "pk": 27, "fields": {"name": "Can delete interval", "content_type": 7, "codename": "delete_intervalschedule"}}, {"model": "auth.permission", "pk": 28, "fields": {"name": "Can view interval", "content_type": 7, "codename": "view_intervalschedule"}}, {"model": "auth.permission", "pk": 29, "fields": {"name": "Can add periodic task", "content_type": 8, "codename": "add_periodictask"}}, {"model": "auth.permission", "pk": 30, "fields": {"name": "Can change periodic task", "content_type": 8, "codename": "change_periodictask"}}, {"model": "auth.permission", "pk": 31, "fields": {"name": "Can delete periodic task", "content_type": 8, "codename": "delete_periodictask"}}, {"model": "auth.permission", "pk": 32, "fields": {"name": "Can view periodic task", "content_type": 8, "codename": "view_periodictask"}}, {"model": "auth.permission", "pk": 33, "fields": {"name": "Can add periodic tasks", "content_type": 9, "codename": "add_periodictasks"}}, {"model": "auth.permission", "pk": 34, "fields": {"name": "Can change periodic tasks", "content_type": 9, "codename": "change_periodictasks"}}, {"model": "auth.permission", "pk": 35, "fields": {"name": "Can delete periodic tasks", "content_type": 9, "codename": "delete_periodictasks"}}, {"model": "auth.permission", "pk": 36, "fields": {"name": "Can view periodic tasks", "content_type": 9, "codename": "view_periodictasks"}}, {"model": "auth.permission", "pk": 37, "fields": {"name": "Can add solar event", "content_type": 10, "codename": "add_solarschedule"}}, {"model": "auth.permission", "pk": 38, "fields": {"name": "Can change solar event", "content_type": 10, "codename": "change_solarschedule"}}, {"model": "auth.permission", "pk": 39, "fields": {"name": "Can delete solar event", "content_type": 10, "codename": "delete_solarschedule"}}, {"model": "auth.permission", "pk": 40, "fields": {"name": "Can view solar event", "content_type": 10, "codename": "view_solarschedule"}}, {"model": "auth.permission", "pk": 41, "fields": {"name": "Can add clocked", "content_type": 11, "codename": "add_clockedschedule"}}, {"model": "auth.permission", "pk": 42, "fields": {"name": "Can change clocked", "content_type": 11, "codename": "change_clockedschedule"}}, {"model": "auth.permission", "pk": 43, "fields": {"name": "Can delete clocked", "content_type": 11, "codename": "delete_clockedschedule"}}, {"model": "auth.permission", "pk": 44, "fields": {"name": "Can view clocked", "content_type": 11, "codename": "view_clockedschedule"}}, {"model": "auth.permission", "pk": 45, "fields": {"name": "Can add user", "content_type": 12, "codename": "add_user"}}, {"model": "auth.permission", "pk": 46, "fields": {"name": "Can change user", "content_type": 12, "codename": "change_user"}}, {"model": "auth.permission", "pk": 47, "fields": {"name": "Can delete user", "content_type": 12, "codename": "delete_user"}}, {"model": "auth.permission", "pk": 48, "fields": {"name": "Can view user", "content_type": 12, "codename": "view_user"}}, {"model": "auth.permission", "pk": 49, "fields": {"name": "Can add administrator", "content_type": 13, "codename": "add_administrator"}}, {"model": "auth.permission", "pk": 50, "fields": {"name": "Can change administrator", "content_type": 13, "codename": "change_administrator"}}, {"model": "auth.permission", "pk": 51, "fields": {"name": "Can delete administrator", "content_type": 13, "codename": "delete_administrator"}}, {"model": "auth.permission", "pk": 52, "fields": {"name": "Can view administrator", "content_type": 13, "codename": "view_administrator"}}, {"model": "auth.permission", "pk": 53, "fields": {"name": "Can add car", "content_type": 14, "codename": "add_car"}}, {"model": "auth.permission", "pk": 54, "fields": {"name": "Can change car", "content_type": 14, "codename": "change_car"}}, {"model": "auth.permission", "pk": 55, "fields": {"name": "Can delete car", "content_type": 14, "codename": "delete_car"}}, {"model": "auth.permission", "pk": 56, "fields": {"name": "Can view car", "content_type": 14, "codename": "view_car"}}, {"model": "auth.permission", "pk": 57, "fields": {"name": "Can add contrato", "content_type": 15, "codename": "add_contrato"}}, {"model": "auth.permission", "pk": 58, "fields": {"name": "Can change contrato", "content_type": 15, "codename": "change_contrato"}}, {"model": "auth.permission", "pk": 59, "fields": {"name": "Can delete contrato", "content_type": 15, "codename": "delete_contrato"}}, {"model": "auth.permission", "pk": 60, "fields": {"name": "Can view contrato", "content_type": 15, "codename": "view_contrato"}}, {"model": "auth.permission", "pk": 61, "fields": {"name": "Can add date period", "content_type": 16, "codename": "add_dateperiod"}}, {"model": "auth.permission", "pk": 62, "fields": {"name": "Can change date period", "content_type": 16, "codename": "change_dateperiod"}}, {"model": "auth.permission", "pk": 63, "fields": {"name": "Can delete date period", "content_type": 16, "codename": "delete_dateperiod"}}, {"model": "auth.permission", "pk": 64, "fields": {"name": "Can view date period", "content_type": 16, "codename": "view_dateperiod"}}, {"model": "auth.permission", "pk": 65, "fields": {"name": "Can add entradas saidas", "content_type": 17, "codename": "add_entradassaidas"}}, {"model": "auth.permission", "pk": 66, "fields": {"name": "Can change entradas saidas", "content_type": 17, "codename": "change_entradassaidas"}}, {"model": "auth.permission", "pk": 67, "fields": {"name": "Can delete entradas saidas", "content_type": 17, "codename": "delete_entradassaidas"}}, {"model": "auth.permission", "pk": 68, "fields": {"name": "Can view entradas saidas", "content_type": 17, "codename": "view_entradassaidas"}}, {"model": "auth.permission", "pk": 69, "fields": {"name": "Can add estadocontrato", "content_type": 18, "codename": "add_estadocontrato"}}, {"model": "auth.permission", "pk": 70, "fields": {"name": "Can change estadocontrato", "content_type": 18, "codename": "change_estadocontrato"}}, {"model": "auth.permission", "pk": 71, "fields": {"name": "Can delete estadocontrato", "content_type": 18, "codename": "delete_estadocontrato"}}, {"model": "auth.permission", "pk": 72, "fields": {"name": "Can view estadocontrato", "content_type": 18, "codename": "view_estadocontrato"}}, {"model": "auth.permission", "pk": 73, "fields": {"name": "Can add estadoreserva", "content_type": 19, "codename": "add_estadoreserva"}}, {"model": "auth.permission", "pk": 74, "fields": {"name": "Can change estadoreserva", "content_type": 19, "codename": "change_estadoreserva"}}, {"model": "auth.permission", "pk": 75, "fields": {"name": "Can delete estadoreserva", "content_type": 19, "codename": "delete_estadoreserva"}}, {"model": "auth.permission", "pk": 76, "fields": {"name": "Can view estadoreserva", "content_type": 19, "codename": "view_estadoreserva"}}, {"model": "auth.permission", "pk": 77, "fields": {"name": "Can add layout line", "content_type": 20, "codename": "add_layoutline"}}, {"model": "auth.permission", "pk": 78, "fields": {"name": "Can change layout line", "content_type": 20, "codename": "change_layoutline"}}, {"model": "auth.permission", "pk": 79, "fields": {"name": "Can delete layout line", "content_type": 20, "codename": "delete_layoutline"}}, {"model": "auth.permission", "pk": 80, "fields": {"name": "Can view layout line", "content_type": 20, "codename": "view_layoutline"}}, {"model": "auth.permission", "pk": 81, "fields": {"name": "Can add modalidadepagamento", "content_type": 21, "codename": "add_modalidadepagamento"}}, {"model": "auth.permission", "pk": 82, "fields": {"name": "Can change modalidadepagamento", "content_type": 21, "codename": "change_modalidadepagamento"}}, {"model": "auth.permission", "pk": 83, "fields": {"name": "Can delete modalidadepagamento", "content_type": 21, "codename": "delete_modalidadepagamento"}}, {"model": "auth.permission", "pk": 84, "fields": {"name": "Can view modalidadepagamento", "content_type": 21, "codename": "view_modalidadepagamento"}}, {"model": "auth.permission", "pk": 85, "fields": {"name": "Can add park", "content_type": 22, "codename": "add_park"}}, {"model": "auth.permission", "pk": 86, "fields": {"name": "Can change park", "content_type": 22, "codename": "change_park"}}, {"model": "auth.permission", "pk": 87, "fields": {"name": "Can delete park", "content_type": 22, "codename": "delete_park"}}, {"model": "auth.permission", "pk": 88, "fields": {"name": "Can view park", "content_type": 22, "codename": "view_park"}}, {"model": "auth.permission", "pk": 89, "fields": {"name": "Can add parking spot", "content_type": 23, "codename": "add_parkingspot"}}, {"model": "auth.permission", "pk": 90, "fields": {"name": "Can change parking spot", "content_type": 23, "codename": "change_parkingspot"}}, {"model": "auth.permission", "pk": 91, "fields": {"name": "Can delete parking spot", "content_type": 23, "codename": "delete_parkingspot"}}, {"model": "auth.permission", "pk": 92, "fields": {"name": "Can view parking spot", "content_type": 23, "codename": "view_parkingspot"}}, {"model": "auth.permission", "pk": 93, "fields": {"name": "Can add periocidade", "content_type": 24, "codename": "add_periocidade"}}, {"model": "auth.permission", "pk": 94, "fields": {"name": "Can change periocidade", "content_type": 24, "codename": "change_periocidade"}}, {"model": "auth.permission", "pk": 95, "fields": {"name": "Can delete periocidade", "content_type": 24, "codename": "delete_periocidade"}}, {"model": "auth.permission", "pk": 96, "fields": {"name": "Can view periocidade", "content_type": 24, "codename": "view_periocidade"}}, {"model": "auth.permission", "pk": 97, "fields": {"name": "Can add time period", "content_type": 25, "codename": "add_timeperiod"}}, {"model": "auth.permission", "pk": 98, "fields": {"name": "Can change time period", "content_type": 25, "codename": "change_timeperiod"}}, {"model": "auth.permission", "pk": 99, "fields": {"name": "Can delete time period", "content_type": 25, "codename": "delete_timeperiod"}}, {"model": "auth.permission", "pk": 100, "fields": {"name": "Can view time period", "content_type": 25, "codename": "view_timeperiod"}}, {"model": "auth.permission", "pk": 101, "fields": {"name": "Can add zone", "content_type": 26, "codename": "add_zone"}}, {"model": "auth.permission", "pk": 102, "fields": {"name": "Can change zone", "content_type": 26, "codename": "change_zone"}}, {"model": "auth.permission", "pk": 103, "fields": {"name": "Can delete zone", "content_type": 26, "codename": "delete_zone"}}, {"model": "auth.permission", "pk": 104, "fields": {"name": "Can view zone", "content_type": 26, "codename": "view_zone"}}, {"model": "auth.permission", "pk": 105, "fields": {"name": "Can add week schedule", "content_type": 27, "codename": "add_weekschedule"}}, {"model": "auth.permission", "pk": 106, "fields": {"name": "Can change week schedule", "content_type": 27, "codename": "change_weekschedule"}}, {"model": "auth.permission", "pk": 107, "fields": {"name": "Can delete week schedule", "content_type": 27, "codename": "delete_weekschedule"}}, {"model": "auth.permission", "pk": 108, "fields": {"name": "Can view week schedule", "content_type": 27, "codename": "view_weekschedule"}}, {"model": "auth.permission", "pk": 109, "fields": {"name": "Can add role request", "content_type": 28, "codename": "add_rolerequest"}}, {"model": "auth.permission", "pk": 110, "fields": {"name": "Can change role request", "content_type": 28, "codename": "change_rolerequest"}}, {"model": "auth.permission", "pk": 111, "fields": {"name": "Can delete role request", "content_type": 28, "codename": "delete_rolerequest"}}, {"model": "auth.permission", "pk": 112, "fields": {"name": "Can view role request", "content_type": 28, "codename": "view_rolerequest"}}, {"model": "auth.permission", "pk": 113, "fields": {"name": "Can add reserva", "content_type": 29, "codename": "add_reserva"}}, {"model": "auth.permission", "pk": 114, "fields": {"name": "Can change reserva", "content_type": 29, "codename": "change_reserva"}}, {"model": "auth.permission", "pk": 115, "fields": {"name": "Can delete reserva", "content_type": 29, "codename": "delete_reserva"}}, {"model": "auth.permission", "pk": 116, "fields": {"name": "Can view reserva", "content_type": 29, "codename": "view_reserva"}}, {"model": "auth.permission", "pk": 117, "fields": {"name": "Can add reclamacao", "content_type": 30, "codename": "add_reclamacao"}}, {"model": "auth.permission", "pk": 118, "fields": {"name": "Can change reclamacao", "content_type": 30, "codename": "change_reclamacao"}}, {"model": "auth.permission", "pk": 119, "fields": {"name": "Can delete reclamacao", "content_type": 30, "codename": "delete_reclamacao"}}, {"model": "auth.permission", "pk": 120, "fields": {"name": "Can view reclamacao", "content_type": 30, "codename": "view_reclamacao"}}, {"model": "auth.permission", "pk": 121, "fields": {"name": "Can add notification", "content_type": 31, "codename": "add_notification"}}, {"model": "auth.permission", "pk": 122, "fields": {"name": "Can change notification", "content_type": 31, "codename": "change_notification"}}, {"model": "auth.permission", "pk": 123, "fields": {"name": "Can delete notification", "content_type": 31, "codename": "delete_notification"}}, {"model": "auth.permission", "pk": 124, "fields": {"name": "Can view notification", "content_type": 31, "codename": "view_notification"}}, {"model": "auth.permission", "pk": 125, "fields": {"name": "Can add factura recibo", "content_type": 32, "codename": "add_facturarecibo"}}, {"model": "auth.permission", "pk": 126, "fields": {"name": "Can change factura recibo", "content_type": 32, "codename": "change_facturarecibo"}}, {"model": "auth.permission", "pk": 127, "fields": {"name": "Can delete factura recibo", "content_type": 32, "codename": "delete_facturarecibo"}}, {"model": "auth.permission", "pk": 128, "fields": {"name": "Can view factura recibo", "content_type": 32, "codename": "view_facturarecibo"}}, {"model": "auth.permission", "pk": 129, "fields": {"name": "Can add client", "content_type": 33, "codename": "add_client"}}, {"model": "auth.permission", "pk": 130, "fields": {"name": "Can change client", "content_type": 33, "codename": "change_client"}}, {"model": "auth.permission", "pk": 131, "fields": {"name": "Can delete client", "content_type": 33, "codename": "delete_client"}}, {"model": "auth.permission", "pk": 132, "fields": {"name": "Can view client", "content_type": 33, "codename": "view_client"}}, {"model": "auth.permission", "pk": 133, "fields": {"name": "Can add price type", "content_type": 34, "codename": "add_pricetype"}}, {"model": "auth.permission", "pk": 134, "fields": {"name": "Can change price type", "content_type": 34, "codename": "change_pricetype"}}, {"model": "auth.permission", "pk": 135, "fields": {"name": "Can delete price type", "content_type": 34, "codename": "delete_pricetype"}}, {"model": "auth.permission", "pk": 136, "fields": {"name": "Can view price type", "content_type": 34, "codename": "view_pricetype"}}, {"model": "auth.permission", "pk": 137, "fields": {"name": "Can add employee", "content_type": 35, "codename": "add_employee"}}, {"model": "auth.permission", "pk": 138, "fields": {"name": "Can change employee", "content_type": 35, "codename": "change_employee"}}, {"model": "auth.permission", "pk": 139, "fields": {"name": "Can delete employee", "content_type": 35, "codename": "delete_employee"}}, {"model": "auth.permission", "pk": 140, "fields": {"name": "Can view employee", "content_type": 35, "codename": "view_employee"}}, {"model": "auth.permission", "pk": 141, "fields": {"name": "Can add contract type", "content_type": 36, "codename": "add_contracttype"}}, {"model": "auth.permission", "pk": 142, "fields": {"name": "Can change contract type", "content_type": 36, "codename": "change_contracttype"}}, {"model": "auth.permission", "pk": 143, "fields": {"name": "Can delete contract type", "content_type": 36, "codename": "delete_contracttype"}}, {"model": "auth.permission", "pk": 144, "fields": {"name": "Can view contract type", "content_type": 36, "codename": "view_contracttype"}}, {"model": "contenttypes.contenttype", "pk": 1, "fields": {"app_label": "admin", "model": "logentry"}}, {"model": "contenttypes.contenttype", "pk": 2, "fields": {"app_label": "auth", "model": "permission"}}, {"model": "contenttypes.contenttype", "pk": 3, "fields": {"app_label": "auth", "model": "group"}}, {"model": "contenttypes.contenttype", "pk": 4, "fields": {"app_label": "contenttypes", "model": "contenttype"}}, {"model": "contenttypes.contenttype", "pk": 5, "fields": {"app_label": "sessions", "model": "session"}}, {"model": "contenttypes.contenttype", "pk": 6, "fields": {"app_label": "django_celery_beat", "model": "crontabschedule"}}, {"model": "contenttypes.contenttype", "pk": 7, "fields": {"app_label": "django_celery_beat", "model": "intervalschedule"}}, {"model": "contenttypes.contenttype", "pk": 8, "fields": {"app_label": "django_celery_beat", "model": "periodictask"}}, {"model": "contenttypes.contenttype", "pk": 9, "fields": {"app_label": "django_celery_beat", "model": "periodictasks"}}, {"model": "contenttypes.contenttype", "pk": 10, "fields": {"app_label": "django_celery_beat", "model": "solarschedule"}}, {"model": "contenttypes.contenttype", "pk": 11, "fields": {"app_label": "django_celery_beat", "model": "clockedschedule"}}, {"model": "contenttypes.contenttype", "pk": 12, "fields": {"app_label": "main", "model": "user"}}, {"model": "contenttypes.contenttype", "pk": 13, "fields": {"app_label": "main", "model": "administrator"}}, {"model": "contenttypes.contenttype", "pk": 14, "fields": {"app_label": "main", "model": "car"}}, {"model": "contenttypes.contenttype", "pk": 15, "fields": {"app_label": "main", "model": "contrato"}}, {"model": "contenttypes.contenttype", "pk": 16, "fields": {"app_label": "main", "model": "dateperiod"}}, {"model": "contenttypes.contenttype", "pk": 17, "fields": {"app_label": "main", "model": "entradassaidas"}}, {"model": "contenttypes.contenttype", "pk": 18, "fields": {"app_label": "main", "model": "estadocontrato"}}, {"model": "contenttypes.contenttype", "pk": 19, "fields": {"app_label": "main", "model": "estadoreserva"}}, {"model": "contenttypes.contenttype", "pk": 20, "fields": {"app_label": "main", "model": "layoutline"}}, {"model": "contenttypes.contenttype", "pk": 21, "fields": {"app_label": "main", "model": "modalidadepagamento"}}, {"model": "contenttypes.contenttype", "pk": 22, "fields": {"app_label": "main", "model": "park"}}, {"model": "contenttypes.contenttype", "pk": 23, "fields": {"app_label": "main", "model": "parkingspot"}}, {"model": "contenttypes.contenttype", "pk": 24, "fields": {"app_label": "main", "model": "periocidade"}}, {"model": "contenttypes.contenttype", "pk": 25, "fields": {"app_label": "main", "model": "timeperiod"}}, {"model": "contenttypes.contenttype", "pk": 26, "fields": {"app_label": "main", "model": "zone"}}, {"model": "contenttypes.contenttype", "pk": 27, "fields": {"app_label": "main", "model": "weekschedule"}}, {"model": "contenttypes.contenttype", "pk": 28, "fields": {"app_label": "main", "model": "rolerequest"}}, {"model": "contenttypes.contenttype", "pk": 29, "fields": {"app_label": "main", "model": "reserva"}}, {"model": "contenttypes.contenttype", "pk": 30, "fields": {"app_label": "main", "model": "reclamacao"}}, {"model": "contenttypes.contenttype", "pk": 31, "fields": {"app_label": "main", "model": "notification"}}, {"model": "contenttypes.contenttype", "pk": 32, "fields": {"app_label": "main", "model": "facturarecibo"}}, {"model": "contenttypes.contenttype", "pk": 33, "fields": {"app_label": "main", "model": "client"}}, {"model": "contenttypes.contenttype", "pk": 34, "fields": {"app_label": "main", "model": "pricetype"}}, {"model": "contenttypes.contenttype", "pk": 35, "fields": {"app_label": "main", "model": "employee"}}, {"model": "contenttypes.contenttype", "pk": 36, "fields": {"app_label": "main", "model": "contracttype"}}, {"model": "sessions.session", "pk": "18su3lagdrev5ctsanjw4qv95lbg6y3a", "fields": {"session_data": ".eJxVjDsOwjAQRO_iGlnEv6wp6TmDtd61cQDZUpxUiLuTSCmgG817M28RcF1KWHuaw8TiIgZx-u0i0jPVHfAD671JanWZpyh3RR60y1vj9Loe7t9BwV62tcLICgmZ2ZpRGcAMPkNi9JkI7JZHzXh2qLUdHHidQGXKzpJxio34fAEXHzis:1o8k7x:nKc0eMcXbC2u-bMHOvlxHkJkXxEwCOT6xlFsr4umMZs", "expire_date": "2022-07-19T10:06:13.890"}}, {"model": "sessions.session", "pk": "3gc5422lwd39y4e0kyk40sk2fovwd0b5", "fields": {"session_data": ".eJxVjDsOwjAQRO_iGlnEv6wp6TmDtd61cQDZUpxUiLuTSCmgG817M28RcF1KWHuaw8TiIgZx-u0i0jPVHfAD671JanWZpyh3RR60y1vj9Loe7t9BwV62tcLICgmZ2ZpRGcAMPkNi9JkI7JZHzXh2qLUdHHidQGXKzpJxio34fAEXHzis:1o7PZ1:iLOxrd4JTruJq5k9TeTT8M6yJfiViddjOp9NLaftcC8", "expire_date": "2022-07-15T17:56:39.506"}}, {"model": "sessions.session", "pk": "3yxc1ro8c2wrwnqp70tscbqnerxamomt", "fields": {"session_data": ".eJxVjDsOwjAQRO_iGlnEv6wp6TmDtd61cQDZUpxUiLuTSCmgG817M28RcF1KWHuaw8TiIgZx-u0i0jPVHfAD671JanWZpyh3RR60y1vj9Loe7t9BwV62tcLICgmZ2ZpRGcAMPkNi9JkI7JZHzXh2qLUdHHidQGXKzpJxio34fAEXHzis:1o8lxG:x3qkDg4pphRH-azMROWtQ0iRQeb1u013et0FB8kfJHw", "expire_date": "2022-07-19T12:03:18.134"}}, {"model": "sessions.session", "pk": "4q9wots3whi5pun24yy8b1t3yi90sgxo", "fields": {"session_data": ".eJxVjDsOwjAQRO_iGlnEv6wp6TmDtd61cQDZUpxUiLuTSCmgG817M28RcF1KWHuaw8TiIgZx-u0i0jPVHfAD671JanWZpyh3RR60y1vj9Loe7t9BwV62tcLICgmZ2ZpRGcAMPkNi9JkI7JZHzXh2qLUdHHidQGXKzpJxio34fAEXHzis:1o77wM:_1wH0AIddGlshaGH0U7UBI7I9ssGe0c74BTUssk6HzA", "expire_date": "2022-07-15T04:07:34.942"}}, {"model": "sessions.session", "pk": "5nidwdfcazkty7qsvq0tgmlxqgu4ylm7", "fields": {"session_data": ".eJxVjDsOwjAQBe_iGlne-Eco6TmDtfaucQDZUpxUiLuTSCmgnZn33iLgupSwdp7DROIijDj9sojpyXUX9MB6bzK1usxTlHsiD9vlrRG_rkf7d1Cwl21twQAP3gMrYgVk85A2wkZZ1COeNSh0ml00jGr0pBA5Z4RMjr0xWXy-2Yc4Sg:1o8sDz:1yLooQeo0woTivitwvuzeJ50ChDg3fHq5b5HG7n-0aE", "expire_date": "2022-07-19T18:44:59.101"}}, {"model": "sessions.session", "pk": "g6iaxqng2514x0q7rg915lnb953bb3x7", "fields": {"session_data": ".eJxVjDsOwjAQRO_iGlnEv6wp6TmDtd61cQDZUpxUiLuTSCmgG817M28RcF1KWHuaw8TiIgZx-u0i0jPVHfAD671JanWZpyh3RR60y1vj9Loe7t9BwV62tcLICgmZ2ZpRGcAMPkNi9JkI7JZHzXh2qLUdHHidQGXKzpJxio34fAEXHzis:1o8kQE:2c-twsKzPdZNbIflfhKiRpLh-LkzRYlNrhOIelk7EMk", "expire_date": "2022-07-19T10:25:06.256"}}, {"model": "sessions.session", "pk": "hwg93etr91ju9mw2ne5x273u9geit91z", "fields": {"session_data": ".eJxVjMsOgjAQAP-lZ9P0BWw9eucbyHZ3sahpEwon478bEg56nZnMW024b3nam6zTwuqqvLr8soT0lHIIfmC5V021bOuS9JHo0zY9VpbX7Wz_BhlbPrap8y5RMBaH6NhD6iG4iGJtMMzceeiAAkSM84AzBi9EgwRwDNKTUZ8v0m032w:1o7Myt:EnyZ7hLpuz0ijdbD7mn0vpkBqWF_03fhyNOmq4A-nxg", "expire_date": "2022-07-15T15:11:11.460"}}, {"model": "sessions.session", "pk": "ywrr249mfi62de055e769sp36fy1fgbl", "fields": {"session_data": ".eJxVjDsOwjAQRO_iGlnEv6wp6TmDtd61cQDZUpxUiLuTSCmgG817M28RcF1KWHuaw8TiIgZx-u0i0jPVHfAD671JanWZpyh3RR60y1vj9Loe7t9BwV62tcLICgmZ2ZpRGcAMPkNi9JkI7JZHzXh2qLUdHHidQGXKzpJxio34fAEXHzis:1o7Pbr:wImDFMloEsypgl-t3nwuPWT1JQEkvHbvO6sZcVGW138", "expire_date": "2022-07-15T17:59:35.698"}}, {"model": "django_celery_beat.crontabschedule", "pk": 1, "fields": {"minute": "0", "hour": "4", "day_of_week": "*", "day_of_month": "*", "month_of_year": "*", "timezone": "UTC"}}, {"model": "django_celery_beat.crontabschedule", "pk": 2, "fields": {"minute": "0", "hour": "0", "day_of_week": "*", "day_of_month": "*", "month_of_year": "*", "timezone": "UTC"}}, {"model": "django_celery_beat.periodictasks", "pk": 1, "fields": {"last_update": "2022-07-05T18:57:41.902"}}, {"model": "django_celery_beat.periodictask", "pk": 1, "fields": {"name": "celery.backend_cleanup", "task": "celery.backend_cleanup", "interval": null, "crontab": 1, "solar": null, "clocked": null, "args": "[]", "kwargs": "{}", "queue": null, "exchange": null, "routing_key": null, "headers": "{}", "priority": null, "expires": null, "expire_seconds": 43200, "one_off": false, "start_time": null, "enabled": true, "last_run_at": null, "total_run_count": 0, "date_changed": "2022-07-05T18:57:41.884", "description": ""}}, {"model": "django_celery_beat.periodictask", "pk": 2, "fields": {"name": "arquive_schedule", "task": "parks.tasks.refresh_schedules", "interval": null, "crontab": 2, "solar": null, "clocked": null, "args": "[]", "kwargs": "{}", "queue": null, "exchange": null, "routing_key": null, "headers": "{}", "priority": null, "expires": null, "expire_seconds": null, "one_off": false, "start_time": null, "enabled": true, "last_run_at": null, "total_run_count": 0, "date_changed": "2022-07-05T18:57:41.908", "description": ""}}, {"model": "main.user", "pk": 1, "fields": {"password": "pbkdf2_sha256$320000$v6ZdnLkDkaBApMxLsQVRlO$I7xLcwnkcSMEZAGolN3kVsZxNuKqnDHbD4zsyG05QYw=", "last_login": "2022-07-05T18:44:17.531", "is_superuser": true, "username": "a61207@ualg.pt", "first_name": "Pedro", "last_name": "Santos", "is_staff": true, "is_active": true, "date_joined": "2022-07-01T04:04:44.426", "email": "a61207@ualg.pt", "groups": [], "user_permissions": []}}, {"model": "main.user", "pk": 2, "fields": {"password": "pbkdf2_sha256$320000$TsIB284qs7eIousogiNkcB$RDLxtEYdt8pF7e5ZC9r4tprYnRmXB8WjO3EeJwUDbDw=", "last_login": null, "is_superuser": false, "username": "pedro.pbss.94@gmail.com", "first_name": "Pedro", "last_name": "Santos", "is_staff": false, "is_active": true, "date_joined": "2022-07-01T04:07:06.772", "email": "pedro.pbss.94@gmail.com", "groups": [], "user_permissions": []}}, {"model": "main.user", "pk": 3, "fields": {"password": "pbkdf2_sha256$320000$grqNudpq8PKS2aM0j4smQv$K4O9+YtWWCdVR31KcB3jf6RvzRjtz/j4Jmm5xBiLUSI=", "last_login": "2022-07-04T19:58:26.797", "is_superuser": false, "username": "pedro_santos@gmail.com", "first_name": "Pedro", "last_name": "Santos", "is_staff": false, "is_active": true, "date_joined": "2022-07-01T04:07:30.511", "email": "pedro_santos@gmail.com", "groups": [], "user_permissions": []}}, {"model": "main.user", "pk": 4, "fields": {"password": "pbkdf2_sha256$320000$RXK3iHRCu5CBuygzFuSK7Q$0zCOuW8mdkquPWdCg69Cw5heFk6HMNlpBerbVb4FhrY=", "last_login": "2022-07-05T18:44:59.097", "is_superuser": false, "username": "william@gmail.com", "first_name": "William", "last_name": "Santos", "is_staff": false, "is_active": true, "date_joined": "2022-07-01T18:58:16.339", "email": "william@gmail.com", "groups": [], "user_permissions": []}}, {"model": "main.administrator", "pk": 1, "fields": {"user": 1}}, {"model": "main.employee", "pk": 1, "fields": {"user": 2}}, {"model": "main.client", "pk": 1, "fields": {"user": 1, "nif": null}}, {"model": "main.client", "pk": 3, "fields": {"user": 3, "nif": null}}, {"model": "main.client", "pk": 4, "fields": {"user": 4, "nif": null}}, {"model": "main.car", "pk": 1, "fields": {"client": 3, "registration": "00-AA-00", "foreign": true, "brand": "Land Rover", "model": "Freelander", "deleted": false, "created": "2022-07-01T14:08:14.371", "updated": "2022-07-01T14:29:57.812"}}, {"model": "main.car", "pk": 2, "fields": {"client": 3, "registration": "00-12-00", "foreign": false, "brand": "Toyota", "model": "12", "deleted": false, "created": "2022-07-01T14:17:06.784", "updated": "2022-07-01T14:17:06.784"}}, {"model": "main.car", "pk": 3, "fields": {"client": 3, "registration": "12-12-12", "foreign": false, "brand": "Toyota", "model": "12", "deleted": true, "created": "2022-07-01T14:18:18.982", "updated": "2022-07-01T14:18:18.982"}}, {"model": "main.car", "pk": 4, "fields": {"client": 4, "registration": "PP-22-PP", "foreign": false, "brand": "Mercedez", "model": "Frau", "deleted": false, "created": "2022-07-01T18:58:55.636", "updated": "2022-07-01T18:58:55.636"}}, {"model": "main.rolerequest", "pk": 1, "fields": {"user": 2, "role": "EM", "is_accepted": true, "is_reviewed": true, "is_erased": false, "created": "2022-07-01T04:07:06.778", "updated": "2022-07-01T04:07:13.323"}}, {"model": "main.timeperiod", "pk": 1, "fields": {"start": "00:00:00", "end": "00:00:00"}}, {"model": "main.timeperiod", "pk": 2, "fields": {"start": "00:00:00", "end": "00:00:00"}}, {"model": "main.timeperiod", "pk": 3, "fields": {"start": "00:00:00", "end": "00:00:00"}}, {"model": "main.timeperiod", "pk": 4, "fields": {"start": "00:00:00", "end": "00:00:00"}}, {"model": "main.timeperiod", "pk": 5, "fields": {"start": "00:00:00", "end": "00:00:00"}}, {"model": "main.timeperiod", "pk": 6, "fields": {"start": "06:00:00", "end": "23:00:00"}}, {"model": "main.timeperiod", "pk": 7, "fields": {"start": "06:00:00", "end": "23:00:00"}}, {"model": "main.timeperiod", "pk": 8, "fields": {"start": "12:00:00", "end": "12:00:00"}}, {"model": "main.timeperiod", "pk": 9, "fields": {"start": "12:00:00", "end": "12:00:00"}}, {"model": "main.timeperiod", "pk": 10, "fields": {"start": "12:00:00", "end": "12:00:00"}}, {"model": "main.timeperiod", "pk": 11, "fields": {"start": "12:00:00", "end": "12:00:00"}}, {"model": "main.timeperiod", "pk": 12, "fields": {"start": "12:00:00", "end": "12:00:00"}}, {"model": "main.timeperiod", "pk": 13, "fields": {"start": "08:00:00", "end": "20:00:00"}}, {"model": "main.timeperiod", "pk": 14, "fields": {"start": "08:00:00", "end": "20:00:00"}}, {"model": "main.timeperiod", "pk": 15, "fields": {"start": "12:00:00", "end": "12:00:00"}}, {"model": "main.timeperiod", "pk": 16, "fields": {"start": "12:00:00", "end": "12:00:00"}}, {"model": "main.timeperiod", "pk": 17, "fields": {"start": "12:00:00", "end": "12:00:00"}}, {"model": "main.timeperiod", "pk": 18, "fields": {"start": "12:00:00", "end": "12:00:00"}}, {"model": "main.timeperiod", "pk": 19, "fields": {"start": "12:00:00", "end": "12:00:00"}}, {"model": "main.timeperiod", "pk": 20, "fields": {"start": "12:00:00", "end": "12:00:00"}}, {"model": "main.timeperiod", "pk": 21, "fields": {"start": "12:00:00", "end": "12:00:00"}}, {"model": "main.timeperiod", "pk": 22, "fields": {"start": "12:00:00", "end": "12:00:00"}}, {"model": "main.timeperiod", "pk": 23, "fields": {"start": "12:00:00", "end": "12:00:00"}}, {"model": "main.timeperiod", "pk": 24, "fields": {"start": "12:00:00", "end": "12:00:00"}}, {"model": "main.timeperiod", "pk": 25, "fields": {"start": "12:00:00", "end": "12:00:00"}}, {"model": "main.timeperiod", "pk": 26, "fields": {"start": "12:00:00", "end": "12:00:00"}}, {"model": "main.timeperiod", "pk": 27, "fields": {"start": "12:00:00", "end": "12:00:00"}}, {"model": "main.timeperiod", "pk": 28, "fields": {"start": "12:00:00", "end": "12:00:00"}}, {"model": "main.timeperiod", "pk": 29, "fields": {"start": "00:00:00", "end": "00:00:00"}}, {"model": "main.timeperiod", "pk": 30, "fields": {"start": "00:00:00", "end": "00:00:00"}}, {"model": "main.timeperiod", "pk": 31, "fields": {"start": "00:00:00", "end": "00:00:00"}}, {"model": "main.timeperiod", "pk": 32, "fields": {"start": "00:00:00", "end": "00:00:00"}}, {"model": "main.timeperiod", "pk": 33, "fields": {"start": "00:00:00", "end": "00:00:00"}}, {"model": "main.timeperiod", "pk": 34, "fields": {"start": "08:00:00", "end": "20:00:00"}}, {"model": "main.timeperiod", "pk": 35, "fields": {"start": "08:00:00", "end": "20:00:00"}}, {"model": "main.timeperiod", "pk": 36, "fields": {"start": "00:00:00", "end": "00:00:00"}}, {"model": "main.timeperiod", "pk": 37, "fields": {"start": "00:00:00", "end": "00:00:00"}}, {"model": "main.timeperiod", "pk": 38, "fields": {"start": "00:00:00", "end": "00:00:00"}}, {"model": "main.timeperiod", "pk": 39, "fields": {"start": "00:00:00", "end": "00:00:00"}}, {"model": "main.timeperiod", "pk": 40, "fields": {"start": "00:00:00", "end": "00:00:00"}}, {"model": "main.timeperiod", "pk": 41, "fields": {"start": "00:00:00", "end": "00:00:00"}}, {"model": "main.timeperiod", "pk": 42, "fields": {"start": "00:00:00", "end": "00:00:00"}}, {"model": "main.dateperiod", "pk": 1, "fields": {"start_date": "2022-07-02", "end_date": "2022-08-01"}}, {"model": "main.dateperiod", "pk": 2, "fields": {"start_date": "2022-08-10", "end_date": "2022-09-02"}}, {"model": "main.dateperiod", "pk": 3, "fields": {"start_date": "2022-08-02", "end_date": "2022-08-03"}}, {"model": "main.dateperiod", "pk": 4, "fields": {"start_date": "2022-07-01", "end_date": "2022-07-01"}}, {"model": "main.dateperiod", "pk": 5, "fields": {"start_date": "2022-07-05", "end_date": "2023-07-05"}}, {"model": "main.dateperiod", "pk": 6, "fields": {"start_date": "2024-07-28", "end_date": "2025-07-28"}}, {"model": "main.park", "pk": 1, "fields": {"name": "Ualg Gambelas", "address": "Universidade do Algarve, Campos de Gambelas", "postal_code": "2122-123", "city": "Coruche", "typology": "SF", "map_html": "<iframe src=\"https://www.google.com/maps/embed?pb=!1m18!1m12!1m3!1d1592.3075934748938!2d-7.971641746310434!3d37.042820624720775!2m3!1f0!2f0!3f0!3m2!1i1024!2i768!4f13.1!3m3!1m2!1s0xd1ab2bb1a6db095%3A0x3f05ec27e33ff371!2sGambelas%20(Universidade%20Sul)!5e0!3m2!1spt-PT!2spt!4v1656648534988!5m2!1spt-PT!2spt\" width=\"600\" height=\"450\" style=\"border:0;\" allowfullscreen=\"\" loading=\"lazy\" referrerpolicy=\"no-referrer-when-downgrade\"></iframe>", "is_open": false, "created": "2022-07-01T04:09:03.934", "updated": "2022-07-01T12:55:38.053", "admin": 1}}, {"model": "main.park", "pk": 2, "fields": {"name": "Ualg Penha", "address": "Estr. da Penha", "postal_code": "8005-139", "city": "Faro", "typology": "SF", "map_html": "<iframe src=\"https://www.google.com/maps/embed?pb=!1m18!1m12!1m3!1d12740.771404014344!2d-7.9555943094426755!3d37.02904787640017!2m3!1f0!2f0!3f0!3m2!1i1024!2i768!4f13.1!3m3!1m2!1s0xd1aad4de292b389%3A0xea675106ee545917!2sUniversidade%20do%20Algarve%20-%20Campus%20da%20Penha!5e0!3m2!1spt-PT!2spt!4v1656717489495!5m2!1spt-PT!2spt\" width=\"600\" height=\"450\" style=\"border:0;\" allowfullscreen=\"\" loading=\"lazy\" referrerpolicy=\"no-referrer-when-downgrade\"></iframe>", "is_open": true, "created": "2022-07-01T18:16:40", "updated": "2022-07-01T18:16:40", "admin": 1}}, {"model": "main.weekschedule", "pk": 1, "fields": {"deadline": 1, "monday": 1, "tuesday": 2, "wednesday": 3, "thursday": 4, "friday": 5, "saturday": 6, "sunday": 7, "arquived": true, "park": 1}}, {"model": "main.weekschedule", "pk": 2, "fields": {"deadline": 2, "monday": 8, "tuesday": 9, "wednesday": 10, "thursday": 11, "friday": 12, "saturday": 13, "sunday": 14, "arquived": true, "park": 1}}, {"model": "main.weekschedule", "pk": 3, "fields": {"deadline": 3, "monday": 15, "tuesday": 16, "wednesday": 17, "thursday": 18, "friday": 19, "saturday": 20, "sunday": 21, "arquived": true, "park": 1}}, {"model": "main.weekschedule", "pk": 4, "fields": {"deadline": 4, "monday": 22, "tuesday": 23, "wednesday": 24, "thursday": 25, "friday": 26, "saturday": 27, "sunday": 28, "arquived": true, "park": 1}}, {"model": "main.weekschedule", "pk": 5, "fields": {"deadline": 5, "monday": 29, "tuesday": 30, "wednesday": 31, "thursday": 32, "friday": 33, "saturday": 34, "sunday": 35, "arquived": true, "park": 1}}, {"model": "main.weekschedule", "pk": 6, "fields": {"deadline": 6, "monday": 36, "tuesday": 37, "wednesday": 38, "thursday": 39, "friday": 40, "saturday": 41, "sunday": 42, "arquived": true, "park": 1}}, {"model": "main.contracttype", "pk": 1, "fields": {"name": "Vagabundos", "years": 1, "months": 0, "total": "1.00", "park": 1}}, {"model": "main.zone", "pk": 1, "fields": {"name": "Biblioteca", "park": 1}}, {"model": "main.zone", "pk": 2, "fields": {"name": "Paragem de Autocarro", "park": 2}}, {"model": "main.parkingspot", "pk": 1, "fields": {"number": 1, "zone": 1, "x": 0, "y": 0, "direction": "VE"}}, {"model": "main.parkingspot", "pk": 2, "fields": {"number": 2, "zone": 1, "x": 1, "y": 0, "direction": "VE"}}, {"model": "main.parkingspot", "pk": 3, "fields": {"number": 3, "zone": 1, "x": 2, "y": 0, "direction": "VE"}}, {"model": "main.parkingspot", "pk": 4, "fields": {"number": 4, "zone": 1, "x": 3, "y": 0, "direction": "VE"}}, {"model": "main.parkingspot", "pk": 5, "fields": {"number": 5, "zone": 1, "x": 4, "y": 0, "direction": "VE"}}, {"model": "main.parkingspot", "pk": 6, "fields": {"number": 6, "zone": 1, "x": 5, "y": 0, "direction": "VE"}}, {"model": "main.parkingspot", "pk": 7, "fields": {"number": 7, "zone": 1, "x": 6, "y": 0, "direction": "VE"}}, {"model": "main.parkingspot", "pk": 8, "fields": {"number": 8, "zone": 1, "x": 7, "y": 0, "direction": "VE"}}, {"model": "main.parkingspot", "pk": 9, "fields": {"number": 9, "zone": 1, "x": 8, "y": 0, "direction": "VE"}}, {"model": "main.parkingspot", "pk": 10, "fields": {"number": 10, "zone": 1, "x": 9, "y": 0, "direction": "VE"}}, {"model": "main.parkingspot", "pk": 11, "fields": {"number": 11, "zone": 1, "x": 0, "y": 6, "direction": "VE"}}, {"model": "main.parkingspot", "pk": 12, "fields": {"number": 12, "zone": 1, "x": 1, "y": 6, "direction": "VE"}}, {"model": "main.parkingspot", "pk": 13, "fields": {"number": 13, "zone": 1, "x": 2, "y": 6, "direction": "VE"}}, {"model": "main.parkingspot", "pk": 14, "fields": {"number": 14, "zone": 1, "x": 3, "y": 6, "direction": "VE"}}, {"model": "main.parkingspot", "pk": 15, "fields": {"number": 15, "zone": 1, "x": 4, "y": 6, "direction": "VE"}}, {"model": "main.parkingspot", "pk": 16, "fields": {"number": 16, "zone": 1, "x": 5, "y": 6, "direction": "VE"}}, {"model": "main.parkingspot", "pk": 17, "fields": {"number": 17, "zone": 1, "x": 6, "y": 6, "direction": "VE"}}, {"model": "main.parkingspot", "pk": 18, "fields": {"number": 18, "zone": 1, "x": 7, "y": 6, "direction": "VE"}}, {"model": "main.parkingspot", "pk": 19, "fields": {"number": 19, "zone": 1, "x": 8, "y": 6, "direction": "VE"}}, {"model": "main.parkingspot", "pk": 20, "fields": {"number": 20, "zone": 1, "x": 9, "y": 6, "direction": "VE"}}, {"model": "main.parkingspot", "pk": 21, "fields": {"number": 21, "zone": 1, "x": 10, "y": 8, "direction": "HO"}}, {"model": "main.parkingspot", "pk": 22, "fields": {"number": 22, "zone": 1, "x": 10, "y": 9, "direction": "HO"}}, {"model": "main.parkingspot", "pk": 23, "fields": {"number": 23, "zone": 1, "x": 10, "y": 10, "direction": "HO"}}, {"model": "main.parkingspot", "pk": 24, "fields": {"number": 24, "zone": 1, "x": 10, "y": 11, "direction": "HO"}}, {"model": "main.parkingspot", "pk": 25, "fields": {"number": 25, "zone": 1, "x": 10, "y": 12, "direction": "HO"}}, {"model": "main.parkingspot", "pk": 26, "fields": {"number": 26, "zone": 1, "x": 10, "y": 13, "direction": "HO"}}, {"model": "main.parkingspot", "pk": 27, "fields": {"number": 27, "zone": 1, "x": 10, "y": 14, "direction": "HO"}}, {"model": "main.parkingspot", "pk": 28, "fields": {"number": 28, "zone": 1, "x": 10, "y": 15, "direction": "HO"}}, {"model": "main.parkingspot", "pk": 29, "fields": {"number": 29, "zone": 1, "x": 10, "y": 16, "direction": "HO"}}, {"model": "main.parkingspot", "pk": 30, "fields": {"number": 30, "zone": 1, "x": 10, "y": 17, "direction": "HO"}}, {"model": "main.parkingspot", "pk": 31, "fields": {"number": 31, "zone": 1, "x": 9, "y": 18, "direction": "VE"}}, {"model": "main.parkingspot", "pk": 32, "fields": {"number": 32, "zone": 1, "x": 8, "y": 18, "direction": "VE"}}, {"model": "main.parkingspot", "pk": 33, "fields": {"number": 33, "zone": 1, "x": 7, "y": 18, "direction": "VE"}}, {"model": "main.parkingspot", "pk": 34, "fields": {"number": 34, "zone": 1, "x": 6, "y": 18, "direction": "VE"}}, {"model": "main.parkingspot", "pk": 35, "fields": {"number": 35, "zone": 1, "x": 5, "y": 18, "direction": "VE"}}, {"model": "main.parkingspot", "pk": 36, "fields": {"number": 36, "zone": 1, "x": 4, "y": 18, "direction": "VE"}}, {"model": "main.parkingspot", "pk": 37, "fields": {"number": 37, "zone": 1, "x": 3, "y": 18, "direction": "VE"}}, {"model": "main.parkingspot", "pk": 38, "fields": {"number": 38, "zone": 1, "x": 2, "y": 18, "direction": "VE"}}, {"model": "main.parkingspot", "pk": 39, "fields": {"number": 39, "zone": 1, "x": 1, "y": 18, "direction": "VE"}}, {"model": "main.parkingspot", "pk": 40, "fields": {"number": 40, "zone": 1, "x": 0, "y": 18, "direction": "VE"}}, {"model": "main.parkingspot", "pk": 41, "fields": {"number": 41, "zone": 1, "x": 0, "y": 24, "direction": "VE"}}, {"model": "main.parkingspot", "pk": 42, "fields": {"number": 42, "zone": 1, "x": 1, "y": 24, "direction": "VE"}}, {"model": "main.parkingspot", "pk": 43, "fields": {"number": 43, "zone": 1, "x": 2, "y": 24, "direction": "VE"}}, {"model": "main.parkingspot", "pk": 44, "fields": {"number": 44, "zone": 1, "x": 3, "y": 24, "direction": "VE"}}, {"model": "main.parkingspot", "pk": 45, "fields": {"number": 45, "zone": 1, "x": 4, "y": 24, "direction": "VE"}}, {"model": "main.parkingspot", "pk": 46, "fields": {"number": 46, "zone": 1, "x": 5, "y": 24, "direction": "VE"}}, {"model": "main.parkingspot", "pk": 47, "fields": {"number": 47, "zone": 1, "x": 6, "y": 24, "direction": "VE"}}, {"model": "main.parkingspot", "pk": 48, "fields": {"number": 48, "zone": 1, "x": 7, "y": 24, "direction": "VE"}}, {"model": "main.parkingspot", "pk": 49, "fields": {"number": 49, "zone": 1, "x": 8, "y": 24, "direction": "VE"}}, {"model": "main.parkingspot", "pk": 50, "fields": {"number": 50, "zone": 1, "x": 9, "y": 24, "direction": "VE"}}, {"model": "main.parkingspot", "pk": 51, "fields": {"number": 51, "zone": 1, "x": 10, "y": 0, "direction": "VE"}}, {"model": "main.parkingspot", "pk": 52, "fields": {"number": 52, "zone": 1, "x": 11, "y": 0, "direction": "VE"}}, {"model": "main.parkingspot", "pk": 53, "fields": {"number": 53, "zone": 1, "x": 12, "y": 0, "direction": "VE"}}, {"model": "main.parkingspot", "pk": 54, "fields": {"number": 54, "zone": 1, "x": 13, "y": 0, "direction": "VE"}}, {"model": "main.parkingspot", "pk": 55, "fields": {"number": 55, "zone": 1, "x": 14, "y": 0, "direction": "VE"}}, {"model": "main.parkingspot", "pk": 56, "fields": {"number": 56, "zone": 1, "x": 15, "y": 0, "direction": "VE"}}, {"model": "main.parkingspot", "pk": 57, "fields": {"number": 57, "zone": 1, "x": 16, "y": 2, "direction": "HO"}}, {"model": "main.parkingspot", "pk": 58, "fields": {"number": 58, "zone": 1, "x": 16, "y": 3, "direction": "HO"}}, {"model": "main.parkingspot", "pk": 59, "fields": {"number": 59, "zone": 1, "x": 16, "y": 4, "direction": "HO"}}, {"model": "main.parkingspot", "pk": 60, "fields": {"number": 60, "zone": 1, "x": 16, "y": 5, "direction": "HO"}}, {"model": "main.parkingspot", "pk": 61, "fields": {"number": 61, "zone": 1, "x": 16, "y": 6, "direction": "HO"}}, {"model": "main.parkingspot", "pk": 62, "fields": {"number": 62, "zone": 1, "x": 16, "y": 7, "direction": "HO"}}, {"model": "main.parkingspot", "pk": 63, "fields": {"number": 63, "zone": 1, "x": 16, "y": 8, "direction": "HO"}}, {"model": "main.parkingspot", "pk": 64, "fields": {"number": 64, "zone": 1, "x": 16, "y": 9, "direction": "HO"}}, {"model": "main.parkingspot", "pk": 65, "fields": {"number": 65, "zone": 1, "x": 16, "y": 10, "direction": "HO"}}, {"model": "main.parkingspot", "pk": 66, "fields": {"number": 66, "zone": 1, "x": 16, "y": 11, "direction": "HO"}}, {"model": "main.parkingspot", "pk": 67, "fields": {"number": 67, "zone": 1, "x": 16, "y": 12, "direction": "HO"}}, {"model": "main.parkingspot", "pk": 68, "fields": {"number": 68, "zone": 1, "x": 16, "y": 13, "direction": "HO"}}, {"model": "main.parkingspot", "pk": 69, "fields": {"number": 69, "zone": 1, "x": 16, "y": 14, "direction": "HO"}}, {"model": "main.parkingspot", "pk": 70, "fields": {"number": 70, "zone": 1, "x": 16, "y": 15, "direction": "HO"}}, {"model": "main.parkingspot", "pk": 71, "fields": {"number": 71, "zone": 1, "x": 16, "y": 16, "direction": "HO"}}, {"model": "main.parkingspot", "pk": 72, "fields": {"number": 72, "zone": 1, "x": 16, "y": 17, "direction": "HO"}}, {"model": "main.parkingspot", "pk": 73, "fields": {"number": 73, "zone": 1, "x": 16, "y": 18, "direction": "HO"}}, {"model": "main.parkingspot", "pk": 74, "fields": {"number": 74, "zone": 1, "x": 16, "y": 19, "direction": "HO"}}, {"model": "main.parkingspot", "pk": 75, "fields": {"number": 75, "zone": 1, "x": 16, "y": 20, "direction": "HO"}}, {"model": "main.parkingspot", "pk": 76, "fields": {"number": 76, "zone": 1, "x": 16, "y": 21, "direction": "HO"}}, {"model": "main.parkingspot", "pk": 77, "fields": {"number": 77, "zone": 1, "x": 16, "y": 22, "direction": "HO"}}, {"model": "main.parkingspot", "pk": 78, "fields": {"number": 78, "zone": 1, "x": 16, "y": 23, "direction": "HO"}}, {"model": "main.parkingspot", "pk": 79, "fields": {"number": 79, "zone": 1, "x": 16, "y": 24, "direction": "HO"}}, {"model": "main.parkingspot", "pk": 80, "fields": {"number": 80, "zone": 1, "x": 16, "y": 25, "direction": "HO"}}, {"model": "main.parkingspot", "pk": 81, "fields": {"number": 81, "zone": 1, "x": 16, "y": 26, "direction": "HO"}}, {"model": "main.parkingspot", "pk": 82, "fields": {"number": 82, "zone": 1, "x": 16, "y": 27, "direction": "HO"}}, {"model": "main.parkingspot", "pk": 83, "fields": {"number": 83, "zone": 1, "x": 16, "y": 28, "direction": "HO"}}, {"model": "main.parkingspot", "pk": 84, "fields": {"number": 1, "zone": 2, "x": 12, "y": 7, "direction": "HO"}}, {"model": "main.parkingspot", "pk": 85, "fields": {"number": 2, "zone": 2, "x": 12, "y": 8, "direction": "HO"}}, {"model": "main.parkingspot", "pk": 86, "fields": {"number": 3, "zone": 2, "x": 12, "y": 9, "direction": "HO"}}, {"model": "main.parkingspot", "pk": 87, "fields": {"number": 4, "zone": 2, "x": 12, "y": 10, "direction": "HO"}}, {"model": "main.parkingspot", "pk": 88, "fields": {"number": 5, "zone": 2, "x": 12, "y": 11, "direction": "HO"}}, {"model": "main.parkingspot", "pk": 89, "fields": {"number": 6, "zone": 2, "x": 12, "y": 12, "direction": "HO"}}, {"model": "main.parkingspot", "pk": 90, "fields": {"number": 7, "zone": 2, "x": 12, "y": 13, "direction": "HO"}}, {"model": "main.parkingspot", "pk": 91, "fields": {"number": 8, "zone": 2, "x": 12, "y": 14, "direction": "HO"}}, {"model": "main.parkingspot", "pk": 92, "fields": {"number": 9, "zone": 2, "x": 12, "y": 15, "direction": "HO"}}, {"model": "main.parkingspot", "pk": 93, "fields": {"number": 10, "zone": 2, "x": 12, "y": 16, "direction": "HO"}}, {"model": "main.parkingspot", "pk": 94, "fields": {"number": 11, "zone": 2, "x": 12, "y": 17, "direction": "HO"}}, {"model": "main.parkingspot", "pk": 95, "fields": {"number": 12, "zone": 2, "x": 12, "y": 18, "direction": "HO"}}, {"model": "main.parkingspot", "pk": 96, "fields": {"number": 13, "zone": 2, "x": 12, "y": 19, "direction": "HO"}}, {"model": "main.parkingspot", "pk": 97, "fields": {"number": 14, "zone": 2, "x": 12, "y": 20, "direction": "HO"}}, {"model": "main.parkingspot", "pk": 98, "fields": {"number": 15, "zone": 2, "x": 12, "y": 21, "direction": "HO"}}, {"model": "main.parkingspot", "pk": 99, "fields": {"number": 16, "zone": 2, "x": 12, "y": 22, "direction": "HO"}}, {"model": "main.parkingspot", "pk": 100, "fields": {"number": 17, "zone": 2, "x": 12, "y": 23, "direction": "HO"}}, {"model": "main.parkingspot", "pk": 101, "fields": {"number": 18, "zone": 2, "x": 12, "y": 24, "direction": "HO"}}, {"model": "main.parkingspot", "pk": 102, "fields": {"number": 19, "zone": 2, "x": 12, "y": 25, "direction": "HO"}}, {"model": "main.parkingspot", "pk": 103, "fields": {"number": 20, "zone": 2, "x": 12, "y": 26, "direction": "HO"}}, {"model": "main.estadoreserva", "pk": 1, "fields": {"nome": "sim"}}, {"model": "main.estadoreserva", "pk": 2, "fields": {"nome": "nao"}}, {"model": "main.modalidadepagamento", "pk": 1, "fields": {"nome": "MBWAY"}}, {"model": "main.periocidade", "pk": 1, "fields": {"start": "2022-05-23T20:00:00", "end": "2022-05-23T22:00:00"}}, {"model": "main.periocidade", "pk": 2, "fields": {"start": "2022-05-23T21:00:30", "end": "2022-05-23T20:00:31"}}, {"model": "main.periocidade", "pk": 3, "fields": {"start": "2022-05-23T22:00:40", "end": "2022-05-23T23:00:42"}}, {"model": "main.periocidade", "pk": 4, "fields": {"start": "2022-05-24T20:01:10", "end": "2022-05-24T21:01:12"}}, {"model": "main.periocidade", "pk": 5, "fields": {"start": "2022-05-24T20:02:09", "end": "2022-05-24T21:02:11"}}, {"model": "main.periocidade", "pk": 6, "fields": {"start": "2022-06-23T20:02:27", "end": "2022-06-23T20:02:28"}}, {"model": "main.periocidade", "pk": 7, "fields": {"start": "2023-05-23T20:02:56", "end": "2023-05-23T20:03:01"}}, {"model": "main.periocidade", "pk": 8, "fields": {"start": "2022-05-23T20:14:34", "end": "2022-05-23T22:14:36"}}, {"model": "main.periocidade", "pk": 9, "fields": {"start": "2022-05-25T18:05:51", "end": "2022-05-25T20:05:52"}}, {"model": "main.periocidade", "pk": 10, "fields": {"start": "2022-05-25T18:06:29", "end": "2022-05-25T20:06:32"}}, {"model": "main.periocidade", "pk": 11, "fields": {"start": "2022-06-09T13:41:40", "end": "2022-06-09T14:41:42"}}, {"model": "main.periocidade", "pk": 12, "fields": {"start": "2022-06-09T16:00:24", "end": "2022-06-09T17:00:25"}}, {"model": "main.periocidade", "pk": 13, "fields": {"start": "2022-06-09T16:00:24", "end": "2022-06-09T17:00:25"}}, {"model": "main.periocidade", "pk": 14, "fields": {"start": "2022-06-09T17:01:34", "end": "2022-06-09T18:01:36"}}, {"model": "main.periocidade", "pk": 15, "fields": {"start": "2022-06-09T19:02:25", "end": "2022-06-09T20:02:27"}}, {"model": "main.periocidade", "pk": 16, "fields": {"start": "2022-06-09T16:38:34", "end": "2022-06-09T17:38:35"}}, {"model": "main.periocidade", "pk": 17, "fields": {"start": "2022-06-09T17:39:17", "end": "2022-06-09T18:39:19"}}, {"model": "main.periocidade", "pk": 18, "fields": {"start": "2022-06-09T19:39:49", "end": "2022-06-09T20:39:51"}}, {"model": "main.periocidade", "pk": 19, "fields": {"start": "2022-06-09T15:40:32", "end": "2022-06-09T17:40:33"}}, {"model": "main.periocidade", "pk": 20, "fields": {"start": "2022-07-12T00:00:00", "end": "2022-07-13T00:00:00"}}, {"model": "main.periocidade", "pk": 21, "fields": {"start": "2022-07-12T00:00:00", "end": "2022-07-13T00:00:00"}}, {"model": "main.periocidade", "pk": 22, "fields": {"start": "2022-07-12T00:00:00", "end": "2022-07-13T00:00:00"}}, {"model": "main.periocidade", "pk": 23, "fields": {"start": "2022-07-12T00:00:00", "end": "2022-07-13T00:00:00"}}, {"model": "main.periocidade", "pk": 24, "fields": {"start": "2022-07-27T00:00:00", "end": "2022-07-28T00:00:00"}}, {"model": "main.contrato", "pk": 1, "fields": {"userid": 3, "lugarid": 12, "modalidadepagamentoid": 1, "valorcontrato": 7.0, "datainicio": "2022-05-25", "datafim": null, "matricula": "00-AA-00", "criadoem": "2022-05-25T17:57:51", "editadoem": "2022-05-25T17:58:01", "estadoreservaid": 1}}, {"model": "main.contrato", "pk": 2, "fields": {"userid": 4, "lugarid": 84, "modalidadepagamentoid": null, "valorcontrato": null, "datainicio": "2022-05-10", "datafim": "2022-05-11", "matricula": "00-AA-00", "criadoem": "2022-07-05T18:50:51.113", "editadoem": "2022-07-05T18:50:51.113", "estadoreservaid": 2}}, {"model": "main.entradassaidas", "pk": 1, "fields": {"periocidadeid": 1, "matriculaviatura": 1, "lugarid": 1}}, {"model": "main.entradassaidas", "pk": 2, "fields": {"periocidadeid": 2, "matriculaviatura": 1, "lugarid": 2}}, {"model": "main.entradassaidas", "pk": 3, "fields": {"periocidadeid": 3, "matriculaviatura": 1, "lugarid": 3}}, {"model": "main.entradassaidas", "pk": 4, "fields": {"periocidadeid": 4, "matriculaviatura": 1, "lugarid": 4}}, {"model": "main.entradassaidas", "pk": 5, "fields": {"periocidadeid": 5, "matriculaviatura": 1, "lugarid": 5}}, {"model": "main.entradassaidas", "pk": 6, "fields": {"periocidadeid": 6, "matriculaviatura": 1, "lugarid": 6}}, {"model": "main.entradassaidas", "pk": 7, "fields": {"periocidadeid": 7, "matriculaviatura": 1, "lugarid": 7}}, {"model": "main.entradassaidas", "pk": 8, "fields": {"periocidadeid": 9, "matriculaviatura": 1, "lugarid": 8}}, {"model": "main.entradassaidas", "pk": 9, "fields": {"periocidadeid": 10, "matriculaviatura": 1, "lugarid": 9}}, {"model": "main.entradassaidas", "pk": 10, "fields": {"periocidadeid": 11, "matriculaviatura": 2, "lugarid": 10}}, {"model": "main.entradassaidas", "pk": 11, "fields": {"periocidadeid": 13, "matriculaviatura": 2, "lugarid": 11}}, {"model": "main.reserva", "pk": 1, "fields": {"contratoid": null, "userid": 3, "matricula": 3, "lugarid": 83, "divida": 2.0, "preco": 10.0, "periocidadeid": 1, "entradassaidasid": 1, "estadoreservaid": 1, "criadoem": "2022-05-23T20:06:39", "editadoem": "2022-05-23T20:06:39"}}, {"model": "main.reserva", "pk": 2, "fields": {"contratoid": null, "userid": 3, "matricula": 3, "lugarid": 82, "divida": 0.0, "preco": 10.0, "periocidadeid": 2, "entradassaidasid": 2, "estadoreservaid": 1, "criadoem": "2022-05-23T20:09:44", "editadoem": "2022-05-23T20:09:44"}}, {"model": "main.reserva", "pk": 3, "fields": {"contratoid": null, "userid": 3, "matricula": 3, "lugarid": 73, "divida": 15.0, "preco": 2.0, "periocidadeid": 3, "entradassaidasid": 3, "estadoreservaid": 1, "criadoem": "2022-05-23T20:10:07", "editadoem": "2022-05-23T20:10:07"}}, {"model": "main.reserva", "pk": 4, "fields": {"contratoid": null, "userid": 3, "matricula": 3, "lugarid": 54, "divida": 10.0, "preco": 5.0, "periocidadeid": 4, "entradassaidasid": 4, "estadoreservaid": 1, "criadoem": "2022-05-23T20:10:32", "editadoem": "2022-05-23T20:10:32"}}, {"model": "main.reserva", "pk": 5, "fields": {"contratoid": null, "userid": 3, "matricula": 3, "lugarid": 55, "divida": null, "preco": null, "periocidadeid": 5, "entradassaidasid": 5, "estadoreservaid": 1, "criadoem": "2022-05-23T20:11:54", "editadoem": "2022-05-23T20:11:54"}}, {"model": "main.reserva", "pk": 6, "fields": {"contratoid": null, "userid": 3, "matricula": 3, "lugarid": 56, "divida": 1.0, "preco": 16.0, "periocidadeid": 6, "entradassaidasid": 6, "estadoreservaid": 1, "criadoem": "2022-05-23T20:12:36", "editadoem": "2022-05-23T20:12:36"}}, {"model": "main.reserva", "pk": 7, "fields": {"contratoid": null, "userid": 3, "matricula": 3, "lugarid": 57, "divida": 9.0, "preco": 12.0, "periocidadeid": 7, "entradassaidasid": 7, "estadoreservaid": 1, "criadoem": "2022-05-23T20:13:00", "editadoem": "2022-05-23T20:13:00"}}, {"model": "main.reserva", "pk": 8, "fields": {"contratoid": null, "userid": 3, "matricula": 3, "lugarid": 58, "divida": 2.0, "preco": 20.0, "periocidadeid": 1, "entradassaidasid": 1, "estadoreservaid": 1, "criadoem": "2022-05-23T20:13:25", "editadoem": "2022-05-23T20:13:25"}}, {"model": "main.reserva", "pk": 9, "fields": {"contratoid": null, "userid": 3, "matricula": 3, "lugarid": 59, "divida": 10.0, "preco": 12.0, "periocidadeid": 8, "entradassaidasid": 1, "estadoreservaid": 1, "criadoem": "2022-05-23T20:14:51", "editadoem": "2022-05-23T20:14:51"}}, {"model": "main.reserva", "pk": 10, "fields": {"contratoid": 1, "userid": 3, "matricula": 3, "lugarid": 60, "divida": 10.0, "preco": 10.0, "periocidadeid": 9, "entradassaidasid": 9, "estadoreservaid": 1, "criadoem": "2022-05-25T18:05:38", "editadoem": "2022-05-25T18:05:38"}}, {"model": "main.reserva", "pk": 11, "fields": {"contratoid": null, "userid": 3, "matricula": 3, "lugarid": 61, "divida": 10.0, "preco": 10.0, "periocidadeid": 10, "entradassaidasid": 9, "estadoreservaid": 1, "criadoem": "2022-05-25T18:06:45", "editadoem": "2022-05-25T18:06:45"}}, {"model": "main.reserva", "pk": 12, "fields": {"contratoid": null, "userid": 3, "matricula": 3, "lugarid": 62, "divida": 3.0, "preco": 13.0, "periocidadeid": 11, "entradassaidasid": 10, "estadoreservaid": 1, "criadoem": "2022-06-09T13:40:38", "editadoem": "2022-06-09T13:40:38"}}, {"model": "main.reserva", "pk": 13, "fields": {"contratoid": null, "userid": 4, "matricula": 4, "lugarid": 90, "divida": 0.0, "preco": 15.0, "periocidadeid": 13, "entradassaidasid": 11, "estadoreservaid": 1, "criadoem": "2022-06-09T15:59:58", "editadoem": "2022-06-09T15:59:58"}}, {"model": "main.reserva", "pk": 14, "fields": {"contratoid": null, "userid": 4, "matricula": 4, "lugarid": 93, "divida": 2.0, "preco": 15.0, "periocidadeid": 14, "entradassaidasid": 11, "estadoreservaid": 1, "criadoem": "2022-06-09T16:00:56", "editadoem": "2022-06-09T16:00:56"}}, {"model": "main.reserva", "pk": 15, "fields": {"contratoid": 1, "userid": 4, "matricula": 4, "lugarid": 94, "divida": 1.0, "preco": 7.0, "periocidadeid": 15, "entradassaidasid": 11, "estadoreservaid": 1, "criadoem": "2022-06-09T16:01:53", "editadoem": "2022-06-09T16:01:53"}}, {"model": "main.reserva", "pk": 16, "fields": {"contratoid": null, "userid": 3, "matricula": 3, "lugarid": 45, "divida": 4.0, "preco": 13.0, "periocidadeid": 16, "entradassaidasid": null, "estadoreservaid": 1, "criadoem": "2022-06-09T16:38:04", "editadoem": "2022-06-09T16:38:04"}}, {"model": "main.reserva", "pk": 17, "fields": {"contratoid": null, "userid": 3, "matricula": 3, "lugarid": 1, "divida": 0.0, "preco": 16.0, "periocidadeid": 17, "entradassaidasid": null, "estadoreservaid": 1, "criadoem": "2022-06-09T16:38:55", "editadoem": "2022-06-09T16:38:55"}}, {"model": "main.reserva", "pk": 18, "fields": {"contratoid": null, "userid": 4, "matricula": 4, "lugarid": 97, "divida": 1.0, "preco": 7.0, "periocidadeid": 18, "entradassaidasid": null, "estadoreservaid": 1, "criadoem": "2022-06-09T16:39:33", "editadoem": "2022-06-09T16:39:33"}}, {"model": "main.reserva", "pk": 19, "fields": {"contratoid": 1, "userid": 3, "matricula": 3, "lugarid": 99, "divida": 4.0, "preco": 10.0, "periocidadeid": 19, "entradassaidasid": null, "estadoreservaid": 1, "criadoem": "2022-06-09T16:40:10", "editadoem": "2022-06-09T16:40:10"}}, {"model": "main.reserva", "pk": 20, "fields": {"contratoid": null, "userid": 4, "matricula": 1, "lugarid": 2, "divida": null, "preco": null, "periocidadeid": 21, "entradassaidasid": null, "estadoreservaid": 1, "criadoem": "2022-07-05T18:05:51.727", "editadoem": "2022-07-05T18:05:51.727"}}, {"model": "main.reserva", "pk": 21, "fields": {"contratoid": null, "userid": 4, "matricula": 1, "lugarid": 2, "divida": null, "preco": null, "periocidadeid": 22, "entradassaidasid": null, "estadoreservaid": 1, "criadoem": "2022-07-05T18:06:11.012", "editadoem": "2022-07-05T18:06:11.012"}}, {"model": "main.reserva", "pk": 22, "fields": {"contratoid": null, "userid": 4, "matricula": 1, "lugarid": 2, "divida": null, "preco": null, "periocidadeid": 23, "entradassaidasid": null, "estadoreservaid": 1, "criadoem": "2022-07-05T18:06:27.265", "editadoem": "2022-07-05T18:06:27.265"}}, {"model": "main.reserva", "pk": 23, "fields": {"contratoid": null, "userid": 4, "matricula": 1, "lugarid": 3, "divida": null, "preco": null, "periocidadeid": 24, "entradassaidasid": null, "estadoreservaid": 1, "criadoem": "2022-07-05T18:09:15.729", "editadoem": "2022-07-05T18:09:15.729"}}]