[{"model": "admin.logentry", "pk": 1, "fields": {"action_time": "2022-07-01T04:06:34.604", "user": 1, "content_type": 13, "object_id": "1", "object_repr": "a61207@ualg.pt", "action_flag": 1, "change_message": "[{\"added\": {}}]"}}, {"model": "admin.logentry", "pk": 2, "fields": {"action_time": "2022-07-01T17:58:26.033", "user": 1, "content_type": 21, "object_id": "1", "object_repr": "Modalidadepagamento object (1)", "action_flag": 1, "change_message": "[{\"added\": {}}]"}}, {"model": "admin.logentry", "pk": 3, "fields": {"action_time": "2022-07-01T17:58:35.893", "user": 1, "content_type": 15, "object_id": "1", "object_repr": "Contrato object (1)", "action_flag": 1, "change_message": "[{\"added\": {}}]"}}, {"model": "admin.logentry", "pk": 4, "fields": {"action_time": "2022-07-01T18:01:31.303", "user": 1, "content_type": 24, "object_id": "1", "object_repr": "Periocidade object (1)", "action_flag": 1, "change_message": "[{\"added\": {}}]"}}, {"model": "admin.logentry", "pk": 5, "fields": {"action_time": "2022-07-01T18:01:52.759", "user": 1, "content_type": 24, "object_id": "2", "object_repr": "Periocidade object (2)", "action_flag": 1, "change_message": "[{\"added\": {}}]"}}, {"model": "admin.logentry", "pk": 6, "fields": {"action_time": "2022-07-01T18:02:09.394", "user": 1, "content_type": 24, "object_id": "3", "object_repr": "Periocidade object (3)", "action_flag": 1, "change_message": "[{\"added\": {}}]"}}, {"model": "admin.logentry", "pk": 7, "fields": {"action_time": "2022-07-01T18:02:34.782", "user": 1, "content_type": 24, "object_id": "4", "object_repr": "Periocidade object (4)", "action_flag": 1, "change_message": "[{\"added\": {}}]"}}, {"model": "admin.logentry", "pk": 8, "fields": {"action_time": "2022-07-01T18:02:56.998", "user": 1, "content_type": 24, "object_id": "5", "object_repr": "Periocidade object (5)", "action_flag": 1, "change_message": "[{\"added\": {}}]"}}, {"model": "admin.logentry", "pk": 9, "fields": {"action_time": "2022-07-01T18:03:13.726", "user": 1, "content_type": 24, "object_id": "6", "object_repr": "Periocidade object (6)", "action_flag": 1, "change_message": "[{\"added\": {}}]"}}, {"model": "admin.logentry", "pk": 10, "fields": {"action_time": "2022-07-01T18:03:33.493", "user": 1, "content_type": 24, "object_id": "7", "object_repr": "Periocidade object (7)", "action_flag": 1, "change_message": "[{\"added\": {}}]"}}, {"model": "admin.logentry", "pk": 11, "fields": {"action_time": "2022-07-01T18:03:52.760", "user": 1, "content_type": 24, "object_id": "8", "object_repr": "Periocidade object (8)", "action_flag": 1, "change_message": "[{\"added\": {}}]"}}, {"model": "admin.logentry", "pk": 12, "fields": {"action_time": "2022-07-01T18:04:10.576", "user": 1, "content_type": 24, "object_id": "9", "object_repr": "Periocidade object (9)", "action_flag": 1, "change_message": "[{\"added\": {}}]"}}, {"model": "admin.logentry", "pk": 13, "fields": {"action_time": "2022-07-01T18:04:14.211", "user": 1, "content_type": 24, "object_id": "9", "object_repr": "Periocidade object (9)", "action_flag": 2, "change_message": "[]"}}, {"model": "admin.logentry", "pk": 14, "fields": {"action_time": "2022-07-01T18:04:37.064", "user": 1, "content_type": 24, "object_id": "10", "object_repr": "Periocidade object (10)", "action_flag": 1, "change_message": "[{\"added\": {}}]"}}, {"model": "admin.logentry", "pk": 15, "fields": {"action_time": "2022-07-01T18:05:08.318", "user": 1, "content_type": 24, "object_id": "11", "object_repr": "Periocidade object (11)", "action_flag": 1, "change_message": "[{\"added\": {}}]"}}, {"model": "admin.logentry", "pk": 16, "fields": {"action_time": "2022-07-01T18:05:22.554", "user": 1, "content_type": 24, "object_id": "12", "object_repr": "Periocidade object (12)", "action_flag": 1, "change_message": "[{\"added\": {}}]"}}, {"model": "admin.logentry", "pk": 17, "fields": {"action_time": "2022-07-01T18:05:43.290", "user": 1, "content_type": 24, "object_id": "13", "object_repr": "Periocidade object (13)", "action_flag": 1, "change_message": "[{\"added\": {}}]"}}, {"model": "admin.logentry", "pk": 18, "fields": {"action_time": "2022-07-01T18:06:06.590", "user": 1, "content_type": 24, "object_id": "14", "object_repr": "Periocidade object (14)", "action_flag": 1, "change_message": "[{\"added\": {}}]"}}, {"model": "admin.logentry", "pk": 19, "fields": {"action_time": "2022-07-01T18:06:24.054", "user": 1, "content_type": 24, "object_id": "15", "object_repr": "Periocidade object (15)", "action_flag": 1, "change_message": "[{\"added\": {}}]"}}, {"model": "admin.logentry", "pk": 20, "fields": {"action_time": "2022-07-01T18:06:42.935", "user": 1, "content_type": 24, "object_id": "16", "object_repr": "Periocidade object (16)", "action_flag": 1, "change_message": "[{\"added\": {}}]"}}, {"model": "admin.logentry", "pk": 21, "fields": {"action_time": "2022-07-01T18:08:16.650", "user": 1, "content_type": 24, "object_id": "17", "object_repr": "Periocidade object (17)", "action_flag": 1, "change_message": "[{\"added\": {}}]"}}, {"model": "admin.logentry", "pk": 22, "fields": {"action_time": "2022-07-01T18:08:58.811", "user": 1, "content_type": 24, "object_id": "18", "object_repr": "Periocidade object (18)", "action_flag": 1, "change_message": "[{\"added\": {}}]"}}, {"model": "admin.logentry", "pk": 23, "fields": {"action_time": "2022-07-01T18:09:24.003", "user": 1, "content_type": 24, "object_id": "19", "object_repr": "Periocidade object (19)", "action_flag": 1, "change_message": "[{\"added\": {}}]"}}, {"model": "admin.logentry", "pk": 24, "fields": {"action_time": "2022-07-01T18:10:34.742", "user": 1, "content_type": 17, "object_id": "1", "object_repr": "EntradasSaidas object (1)", "action_flag": 1, "change_message": "[{\"added\": {}}]"}}, {"model": "admin.logentry", "pk": 25, "fields": {"action_time": "2022-07-01T18:10:56.490", "user": 1, "content_type": 17, "object_id": "2", "object_repr": "EntradasSaidas object (2)", "action_flag": 1, "change_message": "[{\"added\": {}}]"}}, {"model": "admin.logentry", "pk": 26, "fields": {"action_time": "2022-07-01T18:11:12.102", "user": 1, "content_type": 17, "object_id": "3", "object_repr": "EntradasSaidas object (3)", "action_flag": 1, "change_message": "[{\"added\": {}}]"}}, {"model": "admin.logentry", "pk": 27, "fields": {"action_time": "2022-07-01T18:11:30.900", "user": 1, "content_type": 17, "object_id": "4", "object_repr": "EntradasSaidas object (4)", "action_flag": 1, "change_message": "[{\"added\": {}}]"}}, {"model": "admin.logentry", "pk": 28, "fields": {"action_time": "2022-07-01T18:11:59.947", "user": 1, "content_type": 17, "object_id": "4", "object_repr": "EntradasSaidas object (4)", "action_flag": 2, "change_message": "[{\"changed\": {\"fields\": [\"Periocidadeid\"]}}]"}}, {"model": "admin.logentry", "pk": 29, "fields": {"action_time": "2022-07-01T18:12:27.759", "user": 1, "content_type": 17, "object_id": "5", "object_repr": "EntradasSaidas object (5)", "action_flag": 1, "change_message": "[{\"added\": {}}]"}}, {"model": "admin.logentry", "pk": 30, "fields": {"action_time": "2022-07-01T18:12:34.345", "user": 1, "content_type": 17, "object_id": "4", "object_repr": "EntradasSaidas object (4)", "action_flag": 2, "change_message": "[{\"changed\": {\"fields\": [\"Lugarid\"]}}]"}}, {"model": "admin.logentry", "pk": 31, "fields": {"action_time": "2022-07-01T18:12:38.249", "user": 1, "content_type": 17, "object_id": "3", "object_repr": "EntradasSaidas object (3)", "action_flag": 2, "change_message": "[{\"changed\": {\"fields\": [\"Lugarid\"]}}]"}}, {"model": "admin.logentry", "pk": 32, "fields": {"action_time": "2022-07-01T18:12:42.855", "user": 1, "content_type": 17, "object_id": "2", "object_repr": "EntradasSaidas object (2)", "action_flag": 2, "change_message": "[{\"changed\": {\"fields\": [\"Lugarid\"]}}]"}}, {"model": "admin.logentry", "pk": 33, "fields": {"action_time": "2022-07-01T18:12:47.454", "user": 1, "content_type": 17, "object_id": "1", "object_repr": "EntradasSaidas object (1)", "action_flag": 2, "change_message": "[{\"changed\": {\"fields\": [\"Lugarid\"]}}]"}}, {"model": "admin.logentry", "pk": 34, "fields": {"action_time": "2022-07-01T18:13:01.401", "user": 1, "content_type": 17, "object_id": "6", "object_repr": "EntradasSaidas object (6)", "action_flag": 1, "change_message": "[{\"added\": {}}]"}}, {"model": "admin.logentry", "pk": 35, "fields": {"action_time": "2022-07-01T18:13:16.732", "user": 1, "content_type": 17, "object_id": "7", "object_repr": "EntradasSaidas object (7)", "action_flag": 1, "change_message": "[{\"added\": {}}]"}}, {"model": "admin.logentry", "pk": 36, "fields": {"action_time": "2022-07-01T18:13:32.611", "user": 1, "content_type": 17, "object_id": "8", "object_repr": "EntradasSaidas object (8)", "action_flag": 1, "change_message": "[{\"added\": {}}]"}}, {"model": "admin.logentry", "pk": 37, "fields": {"action_time": "2022-07-01T18:14:18.254", "user": 1, "content_type": 17, "object_id": "9", "object_repr": "EntradasSaidas object (9)", "action_flag": 1, "change_message": "[{\"added\": {}}]"}}, {"model": "admin.logentry", "pk": 38, "fields": {"action_time": "2022-07-01T18:14:49.248", "user": 1, "content_type": 17, "object_id": "10", "object_repr": "EntradasSaidas object (10)", "action_flag": 1, "change_message": "[{\"added\": {}}]"}}, {"model": "admin.logentry", "pk": 39, "fields": {"action_time": "2022-07-01T18:15:09.732", "user": 1, "content_type": 17, "object_id": "11", "object_repr": "EntradasSaidas object (11)", "action_flag": 1, "change_message": "[{\"added\": {}}]"}}, {"model": "admin.logentry", "pk": 40, "fields": {"action_time": "2022-07-01T18:16:10.424", "user": 1, "content_type": 19, "object_id": "1", "object_repr": "Estadoreserva object (1)", "action_flag": 1, "change_message": "[{\"added\": {}}]"}}, {"model": "admin.logentry", "pk": 41, "fields": {"action_time": "2022-07-01T18:16:25.766", "user": 1, "content_type": 19, "object_id": "2", "object_repr": "Estadoreserva object (2)", "action_flag": 1, "change_message": "[{\"added\": {}}]"}}, {"model": "admin.logentry", "pk": 42, "fields": {"action_time": "2022-07-01T18:19:17.844", "user": 1, "content_type": 22, "object_id": "2", "object_repr": "Ualg Penha", "action_flag": 1, "change_message": "[{\"added\": {}}]"}}, {"model": "admin.logentry", "pk": 43, "fields": {"action_time": "2022-07-01T18:20:53.881", "user": 1, "content_type": 29, "object_id": "1", "object_repr": "Reserva object (1)", "action_flag": 1, "change_message": "[{\"added\": {}}]"}}, {"model": "admin.logentry", "pk": 44, "fields": {"action_time": "2022-07-01T18:22:15.655", "user": 1, "content_type": 29, "object_id": "2", "object_repr": "Reserva object (2)", "action_flag": 1, "change_message": "[{\"added\": {}}]"}}, {"model": "admin.logentry", "pk": 45, "fields": {"action_time": "2022-07-01T18:23:29.974", "user": 1, "content_type": 29, "object_id": "3", "object_repr": "Reserva object (3)", "action_flag": 1, "change_message": "[{\"added\": {}}]"}}, {"model": "admin.logentry", "pk": 46, "fields": {"action_time": "2022-07-01T18:24:45.246", "user": 1, "content_type": 29, "object_id": "4", "object_repr": "Reserva object (4)", "action_flag": 1, "change_message": "[{\"added\": {}}]"}}, {"model": "admin.logentry", "pk": 47, "fields": {"action_time": "2022-07-01T18:26:00.845", "user": 1, "content_type": 29, "object_id": "5", "object_repr": "Reserva object (5)", "action_flag": 1, "change_message": "[{\"added\": {}}]"}}, {"model": "admin.logentry", "pk": 48, "fields": {"action_time": "2022-07-01T18:27:20.262", "user": 1, "content_type": 29, "object_id": "6", "object_repr": "Reserva object (6)", "action_flag": 1, "change_message": "[{\"added\": {}}]"}}, {"model": "admin.logentry", "pk": 49, "fields": {"action_time": "2022-07-01T18:28:13.534", "user": 1, "content_type": 29, "object_id": "7", "object_repr": "Reserva object (7)", "action_flag": 1, "change_message": "[{\"added\": {}}]"}}, {"model": "admin.logentry", "pk": 50, "fields": {"action_time": "2022-07-01T18:29:14.649", "user": 1, "content_type": 29, "object_id": "8", "object_repr": "Reserva object (8)", "action_flag": 1, "change_message": "[{\"added\": {}}]"}}, {"model": "admin.logentry", "pk": 51, "fields": {"action_time": "2022-07-01T18:30:07.743", "user": 1, "content_type": 29, "object_id": "9", "object_repr": "Reserva object (9)", "action_flag": 1, "change_message": "[{\"added\": {}}]"}}, {"model": "admin.logentry", "pk": 52, "fields": {"action_time": "2022-07-01T18:31:11.171", "user": 1, "content_type": 29, "object_id": "10", "object_repr": "Reserva object (10)", "action_flag": 1, "change_message": "[{\"added\": {}}]"}}, {"model": "admin.logentry", "pk": 53, "fields": {"action_time": "2022-07-01T18:31:57.823", "user": 1, "content_type": 29, "object_id": "11", "object_repr": "Reserva object (11)", "action_flag": 1, "change_message": "[{\"added\": {}}]"}}, {"model": "admin.logentry", "pk": 54, "fields": {"action_time": "2022-07-01T18:33:02.182", "user": 1, "content_type": 29, "object_id": "12", "object_repr": "Reserva object (12)", "action_flag": 1, "change_message": "[{\"added\": {}}]"}}, {"model": "admin.logentry", "pk": 55, "fields": {"action_time": "2022-07-01T19:00:06.017", "user": 1, "content_type": 29, "object_id": "13", "object_repr": "Reserva object (13)", "action_flag": 1, "change_message": "[{\"added\": {}}]"}}, {"model": "admin.logentry", "pk": 56, "fields": {"action_time": "2022-07-01T19:00:54.232", "user": 1, "content_type": 29, "object_id": "14", "object_repr": "Reserva object (14)", "action_flag": 1, "change_message": "[{\"added\": {}}]"}}, {"model": "admin.logentry", "pk": 57, "fields": {"action_time": "2022-07-01T19:01:53.249", "user": 1, "content_type": 29, "object_id": "15", "object_repr": "Reserva object (15)", "action_flag": 1, "change_message": "[{\"added\": {}}]"}}, {"model": "admin.logentry", "pk": 58, "fields": {"action_time": "2022-07-01T19:02:48.082", "user": 1, "content_type": 29, "object_id": "16", "object_repr": "Reserva object (16)", "action_flag": 1, "change_message": "[{\"added\": {}}]"}}, {"model": "admin.logentry", "pk": 59, "fields": {"action_time": "2022-07-01T19:03:32.503", "user": 1, "content_type": 29, "object_id": "17", "object_repr": "Reserva object (17)", "action_flag": 1, "change_message": "[{\"added\": {}}]"}}, {"model": "admin.logentry", "pk": 60, "fields": {"action_time": "2022-07-01T19:04:31.322", "user": 1, "content_type": 29, "object_id": "18", "object_repr": "Reserva object (18)", "action_flag": 1, "change_message": "[{\"added\": {}}]"}}, {"model": "admin.logentry", "pk": 61, "fields": {"action_time": "2022-07-01T19:06:46.112", "user": 1, "content_type": 29, "object_id": "19", "object_repr": "Reserva object (19)", "action_flag": 1, "change_message": "[{\"added\": {}}]"}}, {"model": "admin.logentry", "pk": 62, "fields": {"action_time": "2022-07-06T15:54:51.799", "user": 1, "content_type": 34, "object_id": "1", "object_repr": "PriceType object (1)", "action_flag": 3, "change_message": ""}}, {"model": "admin.logentry", "pk": 63, "fields": {"action_time": "2022-07-06T15:55:04.360", "user": 1, "content_type": 37, "object_id": "2", "object_repr": "PriceTable object (2)", "action_flag": 3, "change_message": ""}}, {"model": "admin.logentry", "pk": 64, "fields": {"action_time": "2022-07-06T15:55:04.367", "user": 1, "content_type": 37, "object_id": "1", "object_repr": "PriceTable object (1)", "action_flag": 3, "change_message": ""}}, {"model": "admin.logentry", "pk": 65, "fields": {"action_time": "2022-07-06T16:39:51.541", "user": 1, "content_type": 34, "object_id": "14", "object_repr": "PriceType object (14)", "action_flag": 3, "change_message": ""}}, {"model": "admin.logentry", "pk": 66, "fields": {"action_time": "2022-07-06T16:39:51.546", "user": 1, "content_type": 34, "object_id": "13", "object_repr": "PriceType object (13)", "action_flag": 3, "change_message": ""}}, {"model": "admin.logentry", "pk": 67, "fields": {"action_time": "2022-07-06T16:39:51.550", "user": 1, "content_type": 34, "object_id": "12", "object_repr": "PriceType object (12)", "action_flag": 3, "change_message": ""}}, {"model": "admin.logentry", "pk": 68, "fields": {"action_time": "2022-07-06T16:39:51.555", "user": 1, "content_type": 34, "object_id": "11", "object_repr": "PriceType object (11)", "action_flag": 3, "change_message": ""}}, {"model": "admin.logentry", "pk": 69, "fields": {"action_time": "2022-07-06T16:39:51.559", "user": 1, "content_type": 34, "object_id": "10", "object_repr": "PriceType object (10)", "action_flag": 3, "change_message": ""}}, {"model": "admin.logentry", "pk": 70, "fields": {"action_time": "2022-07-06T16:39:51.566", "user": 1, "content_type": 34, "object_id": "9", "object_repr": "PriceType object (9)", "action_flag": 3, "change_message": ""}}, {"model": "admin.logentry", "pk": 71, "fields": {"action_time": "2022-07-06T16:39:51.573", "user": 1, "content_type": 34, "object_id": "8", "object_repr": "PriceType object (8)", "action_flag": 3, "change_message": ""}}, {"model": "admin.logentry", "pk": 72, "fields": {"action_time": "2022-07-06T16:39:51.576", "user": 1, "content_type": 34, "object_id": "7", "object_repr": "PriceType object (7)", "action_flag": 3, "change_message": ""}}, {"model": "admin.logentry", "pk": 73, "fields": {"action_time": "2022-07-06T16:39:51.579", "user": 1, "content_type": 34, "object_id": "6", "object_repr": "PriceType object (6)", "action_flag": 3, "change_message": ""}}, {"model": "admin.logentry", "pk": 74, "fields": {"action_time": "2022-07-06T16:39:51.582", "user": 1, "content_type": 34, "object_id": "5", "object_repr": "PriceType object (5)", "action_flag": 3, "change_message": ""}}, {"model": "admin.logentry", "pk": 75, "fields": {"action_time": "2022-07-06T16:39:51.585", "user": 1, "content_type": 34, "object_id": "4", "object_repr": "PriceType object (4)", "action_flag": 3, "change_message": ""}}, {"model": "admin.logentry", "pk": 76, "fields": {"action_time": "2022-07-06T16:39:51.589", "user": 1, "content_type": 34, "object_id": "3", "object_repr": "PriceType object (3)", "action_flag": 3, "change_message": ""}}, {"model": "admin.logentry", "pk": 77, "fields": {"action_time": "2022-07-06T16:39:51.594", "user": 1, "content_type": 34, "object_id": "2", "object_repr": "PriceType object (2)", "action_flag": 3, "change_message": ""}}, {"model": "admin.logentry", "pk": 78, "fields": {"action_time": "2022-07-06T16:40:24.560", "user": 1, "content_type": 37, "object_id": "11", "object_repr": "PriceTable object (11)", "action_flag": 3, "change_message": ""}}, {"model": "admin.logentry", "pk": 79, "fields": {"action_time": "2022-07-06T16:40:24.563", "user": 1, "content_type": 37, "object_id": "10", "object_repr": "PriceTable object (10)", "action_flag": 3, "change_message": ""}}, {"model": "admin.logentry", "pk": 80, "fields": {"action_time": "2022-07-06T16:40:24.568", "user": 1, "content_type": 37, "object_id": "9", "object_repr": "PriceTable object (9)", "action_flag": 3, "change_message": ""}}, {"model": "admin.logentry", "pk": 81, "fields": {"action_time": "2022-07-06T16:40:24.574", "user": 1, "content_type": 37, "object_id": "8", "object_repr": "PriceTable object (8)", "action_flag": 3, "change_message": ""}}, {"model": "admin.logentry", "pk": 82, "fields": {"action_time": "2022-07-06T16:40:24.577", "user": 1, "content_type": 37, "object_id": "7", "object_repr": "PriceTable object (7)", "action_flag": 3, "change_message": ""}}, {"model": "admin.logentry", "pk": 83, "fields": {"action_time": "2022-07-06T16:40:24.583", "user": 1, "content_type": 37, "object_id": "6", "object_repr": "PriceTable object (6)", "action_flag": 3, "change_message": ""}}, {"model": "admin.logentry", "pk": 84, "fields": {"action_time": "2022-07-06T16:40:24.589", "user": 1, "content_type": 37, "object_id": "5", "object_repr": "PriceTable object (5)", "action_flag": 3, "change_message": ""}}, {"model": "admin.logentry", "pk": 85, "fields": {"action_time": "2022-07-06T16:40:24.593", "user": 1, "content_type": 37, "object_id": "4", "object_repr": "PriceTable object (4)", "action_flag": 3, "change_message": ""}}, {"model": "admin.logentry", "pk": 86, "fields": {"action_time": "2022-07-06T16:40:24.599", "user": 1, "content_type": 37, "object_id": "3", "object_repr": "PriceTable object (3)", "action_flag": 3, "change_message": ""}}, {"model": "admin.logentry", "pk": 87, "fields": {"action_time": "2022-07-07T02:35:23.179", "user": 1, "content_type": 27, "object_id": "8", "object_repr": "WeekSchedule object (8)", "action_flag": 3, "change_message": ""}}, {"model": "admin.logentry", "pk": 88, "fields": {"action_time": "2022-07-07T02:35:23.184", "user": 1, "content_type": 27, "object_id": "7", "object_repr": "WeekSchedule object (7)", "action_flag": 3, "change_message": ""}}, {"model": "admin.logentry", "pk": 89, "fields": {"action_time": "2022-07-07T02:35:23.188", "user": 1, "content_type": 27, "object_id": "6", "object_repr": "WeekSchedule object (6)", "action_flag": 3, "change_message": ""}}, {"model": "admin.logentry", "pk": 90, "fields": {"action_time": "2022-07-07T02:35:23.191", "user": 1, "content_type": 27, "object_id": "5", "object_repr": "WeekSchedule object (5)", "action_flag": 3, "change_message": ""}}, {"model": "admin.logentry", "pk": 91, "fields": {"action_time": "2022-07-07T02:35:23.194", "user": 1, "content_type": 27, "object_id": "4", "object_repr": "WeekSchedule object (4)", "action_flag": 3, "change_message": ""}}, {"model": "admin.logentry", "pk": 92, "fields": {"action_time": "2022-07-07T02:35:23.196", "user": 1, "content_type": 27, "object_id": "3", "object_repr": "WeekSchedule object (3)", "action_flag": 3, "change_message": ""}}, {"model": "admin.logentry", "pk": 93, "fields": {"action_time": "2022-07-07T02:35:23.198", "user": 1, "content_type": 27, "object_id": "2", "object_repr": "WeekSchedule object (2)", "action_flag": 3, "change_message": ""}}, {"model": "admin.logentry", "pk": 94, "fields": {"action_time": "2022-07-07T02:35:23.201", "user": 1, "content_type": 27, "object_id": "1", "object_repr": "WeekSchedule object (1)", "action_flag": 3, "change_message": ""}}, {"model": "admin.logentry", "pk": 95, "fields": {"action_time": "2022-07-07T04:06:41.052", "user": 1, "content_type": 22, "object_id": "1", "object_repr": "Ualg Gambelas", "action_flag": 2, "change_message": "[{\"changed\": {\"fields\": [\"Archived\"]}}]"}}, {"model": "admin.logentry", "pk": 96, "fields": {"action_time": "2022-07-07T04:10:33.908", "user": 1, "content_type": 22, "object_id": "1", "object_repr": "Ualg Gambelas", "action_flag": 2, "change_message": "[{\"changed\": {\"fields\": [\"Archived\"]}}]"}}, {"model": "admin.logentry", "pk": 97, "fields": {"action_time": "2022-07-07T04:17:53.876", "user": 1, "content_type": 22, "object_id": "2", "object_repr": "Ualg Penha", "action_flag": 2, "change_message": "[{\"changed\": {\"fields\": [\"Archived\"]}}]"}}, {"model": "admin.logentry", "pk": 98, "fields": {"action_time": "2022-07-07T04:20:38.188", "user": 1, "content_type": 24, "object_id": "25", "object_repr": "Periocidade object (25)", "action_flag": 1, "change_message": "[{\"added\": {}}]"}}, {"model": "admin.logentry", "pk": 99, "fields": {"action_time": "2022-07-07T04:20:50.116", "user": 1, "content_type": 29, "object_id": "24", "object_repr": "Reserva object (24)", "action_flag": 1, "change_message": "[{\"added\": {}}]"}}, {"model": "admin.logentry", "pk": 100, "fields": {"action_time": "2022-07-07T04:36:59.379", "user": 1, "content_type": 29, "object_id": "25", "object_repr": "Reserva object (25)", "action_flag": 1, "change_message": "[{\"added\": {}}]"}}, {"model": "admin.logentry", "pk": 101, "fields": {"action_time": "2022-07-07T16:33:54.188", "user": 1, "content_type": 37, "object_id": "20", "object_repr": "PriceTable object (20)", "action_flag": 3, "change_message": ""}}, {"model": "admin.logentry", "pk": 102, "fields": {"action_time": "2022-07-07T16:33:54.197", "user": 1, "content_type": 37, "object_id": "19", "object_repr": "PriceTable object (19)", "action_flag": 3, "change_message": ""}}, {"model": "admin.logentry", "pk": 103, "fields": {"action_time": "2022-07-07T16:33:54.201", "user": 1, "content_type": 37, "object_id": "18", "object_repr": "PriceTable object (18)", "action_flag": 3, "change_message": ""}}, {"model": "admin.logentry", "pk": 104, "fields": {"action_time": "2022-07-07T16:33:54.204", "user": 1, "content_type": 37, "object_id": "17", "object_repr": "PriceTable object (17)", "action_flag": 3, "change_message": ""}}, {"model": "admin.logentry", "pk": 105, "fields": {"action_time": "2022-07-07T16:33:54.207", "user": 1, "content_type": 37, "object_id": "16", "object_repr": "PriceTable object (16)", "action_flag": 3, "change_message": ""}}, {"model": "admin.logentry", "pk": 106, "fields": {"action_time": "2022-07-07T16:33:54.211", "user": 1, "content_type": 37, "object_id": "15", "object_repr": "PriceTable object (15)", "action_flag": 3, "change_message": ""}}, {"model": "admin.logentry", "pk": 107, "fields": {"action_time": "2022-07-07T16:33:54.216", "user": 1, "content_type": 37, "object_id": "14", "object_repr": "PriceTable object (14)", "action_flag": 3, "change_message": ""}}, {"model": "admin.logentry", "pk": 108, "fields": {"action_time": "2022-07-07T16:33:54.219", "user": 1, "content_type": 37, "object_id": "12", "object_repr": "PriceTable object (12)", "action_flag": 3, "change_message": ""}}, {"model": "admin.logentry", "pk": 109, "fields": {"action_time": "2022-07-07T16:34:12.798", "user": 1, "content_type": 27, "object_id": "24", "object_repr": "WeekSchedule object (24)", "action_flag": 3, "change_message": ""}}, {"model": "admin.logentry", "pk": 110, "fields": {"action_time": "2022-07-07T16:34:12.804", "user": 1, "content_type": 27, "object_id": "23", "object_repr": "WeekSchedule object (23)", "action_flag": 3, "change_message": ""}}, {"model": "admin.logentry", "pk": 111, "fields": {"action_time": "2022-07-07T16:34:12.809", "user": 1, "content_type": 27, "object_id": "22", "object_repr": "WeekSchedule object (22)", "action_flag": 3, "change_message": ""}}, {"model": "admin.logentry", "pk": 112, "fields": {"action_time": "2022-07-07T16:34:12.814", "user": 1, "content_type": 27, "object_id": "21", "object_repr": "WeekSchedule object (21)", "action_flag": 3, "change_message": ""}}, {"model": "admin.logentry", "pk": 113, "fields": {"action_time": "2022-07-07T16:34:12.817", "user": 1, "content_type": 27, "object_id": "20", "object_repr": "WeekSchedule object (20)", "action_flag": 3, "change_message": ""}}, {"model": "admin.logentry", "pk": 114, "fields": {"action_time": "2022-07-07T16:34:12.821", "user": 1, "content_type": 27, "object_id": "19", "object_repr": "WeekSchedule object (19)", "action_flag": 3, "change_message": ""}}, {"model": "admin.logentry", "pk": 115, "fields": {"action_time": "2022-07-07T16:34:12.823", "user": 1, "content_type": 27, "object_id": "18", "object_repr": "WeekSchedule object (18)", "action_flag": 3, "change_message": ""}}, {"model": "admin.logentry", "pk": 116, "fields": {"action_time": "2022-07-07T16:34:12.826", "user": 1, "content_type": 27, "object_id": "17", "object_repr": "WeekSchedule object (17)", "action_flag": 3, "change_message": ""}}, {"model": "admin.logentry", "pk": 117, "fields": {"action_time": "2022-07-07T16:34:12.830", "user": 1, "content_type": 27, "object_id": "16", "object_repr": "WeekSchedule object (16)", "action_flag": 3, "change_message": ""}}, {"model": "admin.logentry", "pk": 118, "fields": {"action_time": "2022-07-07T16:34:12.834", "user": 1, "content_type": 27, "object_id": "15", "object_repr": "WeekSchedule object (15)", "action_flag": 3, "change_message": ""}}, {"model": "admin.logentry", "pk": 119, "fields": {"action_time": "2022-07-07T16:34:12.837", "user": 1, "content_type": 27, "object_id": "14", "object_repr": "WeekSchedule object (14)", "action_flag": 3, "change_message": ""}}, {"model": "admin.logentry", "pk": 120, "fields": {"action_time": "2022-07-07T16:34:12.840", "user": 1, "content_type": 27, "object_id": "13", "object_repr": "WeekSchedule object (13)", "action_flag": 3, "change_message": ""}}, {"model": "admin.logentry", "pk": 121, "fields": {"action_time": "2022-07-07T16:34:12.845", "user": 1, "content_type": 27, "object_id": "12", "object_repr": "WeekSchedule object (12)", "action_flag": 3, "change_message": ""}}, {"model": "admin.logentry", "pk": 122, "fields": {"action_time": "2022-07-07T16:34:12.849", "user": 1, "content_type": 27, "object_id": "11", "object_repr": "WeekSchedule object (11)", "action_flag": 3, "change_message": ""}}, {"model": "admin.logentry", "pk": 123, "fields": {"action_time": "2022-07-07T17:26:01.453", "user": 1, "content_type": 22, "object_id": "1", "object_repr": "Ualg Gambelas", "action_flag": 2, "change_message": "[{\"changed\": {\"fields\": [\"Archived\"]}}]"}}, {"model": "admin.logentry", "pk": 124, "fields": {"action_time": "2022-07-07T21:34:30.693", "user": 1, "content_type": 24, "object_id": "26", "object_repr": "Periocidade object (26)", "action_flag": 1, "change_message": "[{\"added\": {}}]"}}, {"model": "admin.logentry", "pk": 125, "fields": {"action_time": "2022-07-07T21:34:36.745", "user": 1, "content_type": 29, "object_id": "26", "object_repr": "Reserva object (26)", "action_flag": 1, "change_message": "[{\"added\": {}}]"}}, {"model": "admin.logentry", "pk": 126, "fields": {"action_time": "2022-07-07T21:55:35.128", "user": 1, "content_type": 24, "object_id": "26", "object_repr": "Periocidade object (26)", "action_flag": 2, "change_message": "[{\"changed\": {\"fields\": [\"End\"]}}]"}}, {"model": "admin.logentry", "pk": 127, "fields": {"action_time": "2022-07-07T23:00:31.866", "user": 1, "content_type": 24, "object_id": "27", "object_repr": "Periocidade object (27)", "action_flag": 1, "change_message": "[{\"added\": {}}]"}}, {"model": "admin.logentry", "pk": 128, "fields": {"action_time": "2022-07-07T23:00:39.163", "user": 1, "content_type": 29, "object_id": "27", "object_repr": "Reserva object (27)", "action_flag": 1, "change_message": "[{\"added\": {}}]"}}, {"model": "admin.logentry", "pk": 129, "fields": {"action_time": "2022-07-07T23:00:55.858", "user": 1, "content_type": 17, "object_id": "12", "object_repr": "EntradasSaidas object (12)", "action_flag": 1, "change_message": "[{\"added\": {}}]"}}, {"model": "admin.logentry", "pk": 130, "fields": {"action_time": "2022-07-08T03:20:05.679", "user": 1, "content_type": 22, "object_id": "26", "object_repr": "Combatentes", "action_flag": 3, "change_message": ""}}, {"model": "admin.logentry", "pk": 131, "fields": {"action_time": "2022-07-08T03:20:05.684", "user": 1, "content_type": 22, "object_id": "25", "object_repr": "Colégio Militar", "action_flag": 3, "change_message": ""}}, {"model": "admin.logentry", "pk": 132, "fields": {"action_time": "2022-07-08T03:20:05.688", "user": 1, "content_type": 22, "object_id": "24", "object_repr": "Belém", "action_flag": 3, "change_message": ""}}, {"model": "admin.logentry", "pk": 133, "fields": {"action_time": "2022-07-08T03:20:05.693", "user": 1, "content_type": 22, "object_id": "23", "object_repr": "Areeiro", "action_flag": 3, "change_message": ""}}, {"model": "admin.logentry", "pk": 134, "fields": {"action_time": "2022-07-08T03:20:05.697", "user": 1, "content_type": 22, "object_id": "2", "object_repr": "Ualg Penha", "action_flag": 3, "change_message": ""}}, {"model": "admin.logentry", "pk": 135, "fields": {"action_time": "2022-07-08T03:20:05.703", "user": 1, "content_type": 22, "object_id": "1", "object_repr": "Ualg Gambelas", "action_flag": 3, "change_message": ""}}, {"model": "admin.logentry", "pk": 136, "fields": {"action_time": "2022-07-08T03:21:11.933", "user": 1, "content_type": 22, "object_id": "26", "object_repr": "Combatentes", "action_flag": 3, "change_message": ""}}, {"model": "admin.logentry", "pk": 137, "fields": {"action_time": "2022-07-08T03:21:11.936", "user": 1, "content_type": 22, "object_id": "25", "object_repr": "Colégio Militar", "action_flag": 3, "change_message": ""}}, {"model": "admin.logentry", "pk": 138, "fields": {"action_time": "2022-07-08T03:21:11.941", "user": 1, "content_type": 22, "object_id": "24", "object_repr": "Belém", "action_flag": 3, "change_message": ""}}, {"model": "admin.logentry", "pk": 139, "fields": {"action_time": "2022-07-08T03:21:11.945", "user": 1, "content_type": 22, "object_id": "23", "object_repr": "Areeiro", "action_flag": 3, "change_message": ""}}, {"model": "admin.logentry", "pk": 140, "fields": {"action_time": "2022-07-08T03:21:11.947", "user": 1, "content_type": 22, "object_id": "2", "object_repr": "Ualg Penha", "action_flag": 3, "change_message": ""}}, {"model": "admin.logentry", "pk": 141, "fields": {"action_time": "2022-07-08T03:21:11.950", "user": 1, "content_type": 22, "object_id": "1", "object_repr": "Ualg Gambelas", "action_flag": 3, "change_message": ""}}, {"model": "admin.logentry", "pk": 142, "fields": {"action_time": "2022-07-08T03:28:35.154", "user": 1, "content_type": 24, "object_id": "28", "object_repr": "Periocidade object (28)", "action_flag": 1, "change_message": "[{\"added\": {}}]"}}, {"model": "admin.logentry", "pk": 143, "fields": {"action_time": "2022-07-08T03:28:38.223", "user": 1, "content_type": 29, "object_id": "28", "object_repr": "Reserva object (28)", "action_flag": 1, "change_message": "[{\"added\": {}}]"}}, {"model": "admin.logentry", "pk": 144, "fields": {"action_time": "2022-07-08T03:29:18.410", "user": 1, "content_type": 17, "object_id": "13", "object_repr": "EntradasSaidas object (13)", "action_flag": 1, "change_message": "[{\"added\": {}}]"}}, {"model": "auth.permission", "pk": 1, "fields": {"name": "Can add log entry", "content_type": 1, "codename": "add_logentry"}}, {"model": "auth.permission", "pk": 2, "fields": {"name": "Can change log entry", "content_type": 1, "codename": "change_logentry"}}, {"model": "auth.permission", "pk": 3, "fields": {"name": "Can delete log entry", "content_type": 1, "codename": "delete_logentry"}}, {"model": "auth.permission", "pk": 4, "fields": {"name": "Can view log entry", "content_type": 1, "codename": "view_logentry"}}, {"model": "auth.permission", "pk": 5, "fields": {"name": "Can add permission", "content_type": 2, "codename": "add_permission"}}, {"model": "auth.permission", "pk": 6, "fields": {"name": "Can change permission", "content_type": 2, "codename": "change_permission"}}, {"model": "auth.permission", "pk": 7, "fields": {"name": "Can delete permission", "content_type": 2, "codename": "delete_permission"}}, {"model": "auth.permission", "pk": 8, "fields": {"name": "Can view permission", "content_type": 2, "codename": "view_permission"}}, {"model": "auth.permission", "pk": 9, "fields": {"name": "Can add group", "content_type": 3, "codename": "add_group"}}, {"model": "auth.permission", "pk": 10, "fields": {"name": "Can change group", "content_type": 3, "codename": "change_group"}}, {"model": "auth.permission", "pk": 11, "fields": {"name": "Can delete group", "content_type": 3, "codename": "delete_group"}}, {"model": "auth.permission", "pk": 12, "fields": {"name": "Can view group", "content_type": 3, "codename": "view_group"}}, {"model": "auth.permission", "pk": 13, "fields": {"name": "Can add content type", "content_type": 4, "codename": "add_contenttype"}}, {"model": "auth.permission", "pk": 14, "fields": {"name": "Can change content type", "content_type": 4, "codename": "change_contenttype"}}, {"model": "auth.permission", "pk": 15, "fields": {"name": "Can delete content type", "content_type": 4, "codename": "delete_contenttype"}}, {"model": "auth.permission", "pk": 16, "fields": {"name": "Can view content type", "content_type": 4, "codename": "view_contenttype"}}, {"model": "auth.permission", "pk": 17, "fields": {"name": "Can add session", "content_type": 5, "codename": "add_session"}}, {"model": "auth.permission", "pk": 18, "fields": {"name": "Can change session", "content_type": 5, "codename": "change_session"}}, {"model": "auth.permission", "pk": 19, "fields": {"name": "Can delete session", "content_type": 5, "codename": "delete_session"}}, {"model": "auth.permission", "pk": 20, "fields": {"name": "Can view session", "content_type": 5, "codename": "view_session"}}, {"model": "auth.permission", "pk": 21, "fields": {"name": "Can add crontab", "content_type": 6, "codename": "add_crontabschedule"}}, {"model": "auth.permission", "pk": 22, "fields": {"name": "Can change crontab", "content_type": 6, "codename": "change_crontabschedule"}}, {"model": "auth.permission", "pk": 23, "fields": {"name": "Can delete crontab", "content_type": 6, "codename": "delete_crontabschedule"}}, {"model": "auth.permission", "pk": 24, "fields": {"name": "Can view crontab", "content_type": 6, "codename": "view_crontabschedule"}}, {"model": "auth.permission", "pk": 25, "fields": {"name": "Can add interval", "content_type": 7, "codename": "add_intervalschedule"}}, {"model": "auth.permission", "pk": 26, "fields": {"name": "Can change interval", "content_type": 7, "codename": "change_intervalschedule"}}, {"model": "auth.permission", "pk": 27, "fields": {"name": "Can delete interval", "content_type": 7, "codename": "delete_intervalschedule"}}, {"model": "auth.permission", "pk": 28, "fields": {"name": "Can view interval", "content_type": 7, "codename": "view_intervalschedule"}}, {"model": "auth.permission", "pk": 29, "fields": {"name": "Can add periodic task", "content_type": 8, "codename": "add_periodictask"}}, {"model": "auth.permission", "pk": 30, "fields": {"name": "Can change periodic task", "content_type": 8, "codename": "change_periodictask"}}, {"model": "auth.permission", "pk": 31, "fields": {"name": "Can delete periodic task", "content_type": 8, "codename": "delete_periodictask"}}, {"model": "auth.permission", "pk": 32, "fields": {"name": "Can view periodic task", "content_type": 8, "codename": "view_periodictask"}}, {"model": "auth.permission", "pk": 33, "fields": {"name": "Can add periodic tasks", "content_type": 9, "codename": "add_periodictasks"}}, {"model": "auth.permission", "pk": 34, "fields": {"name": "Can change periodic tasks", "content_type": 9, "codename": "change_periodictasks"}}, {"model": "auth.permission", "pk": 35, "fields": {"name": "Can delete periodic tasks", "content_type": 9, "codename": "delete_periodictasks"}}, {"model": "auth.permission", "pk": 36, "fields": {"name": "Can view periodic tasks", "content_type": 9, "codename": "view_periodictasks"}}, {"model": "auth.permission", "pk": 37, "fields": {"name": "Can add solar event", "content_type": 10, "codename": "add_solarschedule"}}, {"model": "auth.permission", "pk": 38, "fields": {"name": "Can change solar event", "content_type": 10, "codename": "change_solarschedule"}}, {"model": "auth.permission", "pk": 39, "fields": {"name": "Can delete solar event", "content_type": 10, "codename": "delete_solarschedule"}}, {"model": "auth.permission", "pk": 40, "fields": {"name": "Can view solar event", "content_type": 10, "codename": "view_solarschedule"}}, {"model": "auth.permission", "pk": 41, "fields": {"name": "Can add clocked", "content_type": 11, "codename": "add_clockedschedule"}}, {"model": "auth.permission", "pk": 42, "fields": {"name": "Can change clocked", "content_type": 11, "codename": "change_clockedschedule"}}, {"model": "auth.permission", "pk": 43, "fields": {"name": "Can delete clocked", "content_type": 11, "codename": "delete_clockedschedule"}}, {"model": "auth.permission", "pk": 44, "fields": {"name": "Can view clocked", "content_type": 11, "codename": "view_clockedschedule"}}, {"model": "auth.permission", "pk": 45, "fields": {"name": "Can add user", "content_type": 12, "codename": "add_user"}}, {"model": "auth.permission", "pk": 46, "fields": {"name": "Can change user", "content_type": 12, "codename": "change_user"}}, {"model": "auth.permission", "pk": 47, "fields": {"name": "Can delete user", "content_type": 12, "codename": "delete_user"}}, {"model": "auth.permission", "pk": 48, "fields": {"name": "Can view user", "content_type": 12, "codename": "view_user"}}, {"model": "auth.permission", "pk": 49, "fields": {"name": "Can add administrator", "content_type": 13, "codename": "add_administrator"}}, {"model": "auth.permission", "pk": 50, "fields": {"name": "Can change administrator", "content_type": 13, "codename": "change_administrator"}}, {"model": "auth.permission", "pk": 51, "fields": {"name": "Can delete administrator", "content_type": 13, "codename": "delete_administrator"}}, {"model": "auth.permission", "pk": 52, "fields": {"name": "Can view administrator", "content_type": 13, "codename": "view_administrator"}}, {"model": "auth.permission", "pk": 53, "fields": {"name": "Can add car", "content_type": 14, "codename": "add_car"}}, {"model": "auth.permission", "pk": 54, "fields": {"name": "Can change car", "content_type": 14, "codename": "change_car"}}, {"model": "auth.permission", "pk": 55, "fields": {"name": "Can delete car", "content_type": 14, "codename": "delete_car"}}, {"model": "auth.permission", "pk": 56, "fields": {"name": "Can view car", "content_type": 14, "codename": "view_car"}}, {"model": "auth.permission", "pk": 57, "fields": {"name": "Can add contrato", "content_type": 15, "codename": "add_contrato"}}, {"model": "auth.permission", "pk": 58, "fields": {"name": "Can change contrato", "content_type": 15, "codename": "change_contrato"}}, {"model": "auth.permission", "pk": 59, "fields": {"name": "Can delete contrato", "content_type": 15, "codename": "delete_contrato"}}, {"model": "auth.permission", "pk": 60, "fields": {"name": "Can view contrato", "content_type": 15, "codename": "view_contrato"}}, {"model": "auth.permission", "pk": 61, "fields": {"name": "Can add date period", "content_type": 16, "codename": "add_dateperiod"}}, {"model": "auth.permission", "pk": 62, "fields": {"name": "Can change date period", "content_type": 16, "codename": "change_dateperiod"}}, {"model": "auth.permission", "pk": 63, "fields": {"name": "Can delete date period", "content_type": 16, "codename": "delete_dateperiod"}}, {"model": "auth.permission", "pk": 64, "fields": {"name": "Can view date period", "content_type": 16, "codename": "view_dateperiod"}}, {"model": "auth.permission", "pk": 65, "fields": {"name": "Can add entradas saidas", "content_type": 17, "codename": "add_entradassaidas"}}, {"model": "auth.permission", "pk": 66, "fields": {"name": "Can change entradas saidas", "content_type": 17, "codename": "change_entradassaidas"}}, {"model": "auth.permission", "pk": 67, "fields": {"name": "Can delete entradas saidas", "content_type": 17, "codename": "delete_entradassaidas"}}, {"model": "auth.permission", "pk": 68, "fields": {"name": "Can view entradas saidas", "content_type": 17, "codename": "view_entradassaidas"}}, {"model": "auth.permission", "pk": 69, "fields": {"name": "Can add estadocontrato", "content_type": 18, "codename": "add_estadocontrato"}}, {"model": "auth.permission", "pk": 70, "fields": {"name": "Can change estadocontrato", "content_type": 18, "codename": "change_estadocontrato"}}, {"model": "auth.permission", "pk": 71, "fields": {"name": "Can delete estadocontrato", "content_type": 18, "codename": "delete_estadocontrato"}}, {"model": "auth.permission", "pk": 72, "fields": {"name": "Can view estadocontrato", "content_type": 18, "codename": "view_estadocontrato"}}, {"model": "auth.permission", "pk": 73, "fields": {"name": "Can add estadoreserva", "content_type": 19, "codename": "add_estadoreserva"}}, {"model": "auth.permission", "pk": 74, "fields": {"name": "Can change estadoreserva", "content_type": 19, "codename": "change_estadoreserva"}}, {"model": "auth.permission", "pk": 75, "fields": {"name": "Can delete estadoreserva", "content_type": 19, "codename": "delete_estadoreserva"}}, {"model": "auth.permission", "pk": 76, "fields": {"name": "Can view estadoreserva", "content_type": 19, "codename": "view_estadoreserva"}}, {"model": "auth.permission", "pk": 77, "fields": {"name": "Can add layout line", "content_type": 20, "codename": "add_layoutline"}}, {"model": "auth.permission", "pk": 78, "fields": {"name": "Can change layout line", "content_type": 20, "codename": "change_layoutline"}}, {"model": "auth.permission", "pk": 79, "fields": {"name": "Can delete layout line", "content_type": 20, "codename": "delete_layoutline"}}, {"model": "auth.permission", "pk": 80, "fields": {"name": "Can view layout line", "content_type": 20, "codename": "view_layoutline"}}, {"model": "auth.permission", "pk": 81, "fields": {"name": "Can add modalidadepagamento", "content_type": 21, "codename": "add_modalidadepagamento"}}, {"model": "auth.permission", "pk": 82, "fields": {"name": "Can change modalidadepagamento", "content_type": 21, "codename": "change_modalidadepagamento"}}, {"model": "auth.permission", "pk": 83, "fields": {"name": "Can delete modalidadepagamento", "content_type": 21, "codename": "delete_modalidadepagamento"}}, {"model": "auth.permission", "pk": 84, "fields": {"name": "Can view modalidadepagamento", "content_type": 21, "codename": "view_modalidadepagamento"}}, {"model": "auth.permission", "pk": 85, "fields": {"name": "Can add park", "content_type": 22, "codename": "add_park"}}, {"model": "auth.permission", "pk": 86, "fields": {"name": "Can change park", "content_type": 22, "codename": "change_park"}}, {"model": "auth.permission", "pk": 87, "fields": {"name": "Can delete park", "content_type": 22, "codename": "delete_park"}}, {"model": "auth.permission", "pk": 88, "fields": {"name": "Can view park", "content_type": 22, "codename": "view_park"}}, {"model": "auth.permission", "pk": 89, "fields": {"name": "Can add parking spot", "content_type": 23, "codename": "add_parkingspot"}}, {"model": "auth.permission", "pk": 90, "fields": {"name": "Can change parking spot", "content_type": 23, "codename": "change_parkingspot"}}, {"model": "auth.permission", "pk": 91, "fields": {"name": "Can delete parking spot", "content_type": 23, "codename": "delete_parkingspot"}}, {"model": "auth.permission", "pk": 92, "fields": {"name": "Can view parking spot", "content_type": 23, "codename": "view_parkingspot"}}, {"model": "auth.permission", "pk": 93, "fields": {"name": "Can add periocidade", "content_type": 24, "codename": "add_periocidade"}}, {"model": "auth.permission", "pk": 94, "fields": {"name": "Can change periocidade", "content_type": 24, "codename": "change_periocidade"}}, {"model": "auth.permission", "pk": 95, "fields": {"name": "Can delete periocidade", "content_type": 24, "codename": "delete_periocidade"}}, {"model": "auth.permission", "pk": 96, "fields": {"name": "Can view periocidade", "content_type": 24, "codename": "view_periocidade"}}, {"model": "auth.permission", "pk": 97, "fields": {"name": "Can add time period", "content_type": 25, "codename": "add_timeperiod"}}, {"model": "auth.permission", "pk": 98, "fields": {"name": "Can change time period", "content_type": 25, "codename": "change_timeperiod"}}, {"model": "auth.permission", "pk": 99, "fields": {"name": "Can delete time period", "content_type": 25, "codename": "delete_timeperiod"}}, {"model": "auth.permission", "pk": 100, "fields": {"name": "Can view time period", "content_type": 25, "codename": "view_timeperiod"}}, {"model": "auth.permission", "pk": 101, "fields": {"name": "Can add zone", "content_type": 26, "codename": "add_zone"}}, {"model": "auth.permission", "pk": 102, "fields": {"name": "Can change zone", "content_type": 26, "codename": "change_zone"}}, {"model": "auth.permission", "pk": 103, "fields": {"name": "Can delete zone", "content_type": 26, "codename": "delete_zone"}}, {"model": "auth.permission", "pk": 104, "fields": {"name": "Can view zone", "content_type": 26, "codename": "view_zone"}}, {"model": "auth.permission", "pk": 105, "fields": {"name": "Can add week schedule", "content_type": 27, "codename": "add_weekschedule"}}, {"model": "auth.permission", "pk": 106, "fields": {"name": "Can change week schedule", "content_type": 27, "codename": "change_weekschedule"}}, {"model": "auth.permission", "pk": 107, "fields": {"name": "Can delete week schedule", "content_type": 27, "codename": "delete_weekschedule"}}, {"model": "auth.permission", "pk": 108, "fields": {"name": "Can view week schedule", "content_type": 27, "codename": "view_weekschedule"}}, {"model": "auth.permission", "pk": 109, "fields": {"name": "Can add role request", "content_type": 28, "codename": "add_rolerequest"}}, {"model": "auth.permission", "pk": 110, "fields": {"name": "Can change role request", "content_type": 28, "codename": "change_rolerequest"}}, {"model": "auth.permission", "pk": 111, "fields": {"name": "Can delete role request", "content_type": 28, "codename": "delete_rolerequest"}}, {"model": "auth.permission", "pk": 112, "fields": {"name": "Can view role request", "content_type": 28, "codename": "view_rolerequest"}}, {"model": "auth.permission", "pk": 113, "fields": {"name": "Can add reserva", "content_type": 29, "codename": "add_reserva"}}, {"model": "auth.permission", "pk": 114, "fields": {"name": "Can change reserva", "content_type": 29, "codename": "change_reserva"}}, {"model": "auth.permission", "pk": 115, "fields": {"name": "Can delete reserva", "content_type": 29, "codename": "delete_reserva"}}, {"model": "auth.permission", "pk": 116, "fields": {"name": "Can view reserva", "content_type": 29, "codename": "view_reserva"}}, {"model": "auth.permission", "pk": 117, "fields": {"name": "Can add reclamacao", "content_type": 30, "codename": "add_reclamacao"}}, {"model": "auth.permission", "pk": 118, "fields": {"name": "Can change reclamacao", "content_type": 30, "codename": "change_reclamacao"}}, {"model": "auth.permission", "pk": 119, "fields": {"name": "Can delete reclamacao", "content_type": 30, "codename": "delete_reclamacao"}}, {"model": "auth.permission", "pk": 120, "fields": {"name": "Can view reclamacao", "content_type": 30, "codename": "view_reclamacao"}}, {"model": "auth.permission", "pk": 121, "fields": {"name": "Can add notification", "content_type": 31, "codename": "add_notification"}}, {"model": "auth.permission", "pk": 122, "fields": {"name": "Can change notification", "content_type": 31, "codename": "change_notification"}}, {"model": "auth.permission", "pk": 123, "fields": {"name": "Can delete notification", "content_type": 31, "codename": "delete_notification"}}, {"model": "auth.permission", "pk": 124, "fields": {"name": "Can view notification", "content_type": 31, "codename": "view_notification"}}, {"model": "auth.permission", "pk": 125, "fields": {"name": "Can add factura recibo", "content_type": 32, "codename": "add_facturarecibo"}}, {"model": "auth.permission", "pk": 126, "fields": {"name": "Can change factura recibo", "content_type": 32, "codename": "change_facturarecibo"}}, {"model": "auth.permission", "pk": 127, "fields": {"name": "Can delete factura recibo", "content_type": 32, "codename": "delete_facturarecibo"}}, {"model": "auth.permission", "pk": 128, "fields": {"name": "Can view factura recibo", "content_type": 32, "codename": "view_facturarecibo"}}, {"model": "auth.permission", "pk": 129, "fields": {"name": "Can add client", "content_type": 33, "codename": "add_client"}}, {"model": "auth.permission", "pk": 130, "fields": {"name": "Can change client", "content_type": 33, "codename": "change_client"}}, {"model": "auth.permission", "pk": 131, "fields": {"name": "Can delete client", "content_type": 33, "codename": "delete_client"}}, {"model": "auth.permission", "pk": 132, "fields": {"name": "Can view client", "content_type": 33, "codename": "view_client"}}, {"model": "auth.permission", "pk": 133, "fields": {"name": "Can add price type", "content_type": 34, "codename": "add_pricetype"}}, {"model": "auth.permission", "pk": 134, "fields": {"name": "Can change price type", "content_type": 34, "codename": "change_pricetype"}}, {"model": "auth.permission", "pk": 135, "fields": {"name": "Can delete price type", "content_type": 34, "codename": "delete_pricetype"}}, {"model": "auth.permission", "pk": 136, "fields": {"name": "Can view price type", "content_type": 34, "codename": "view_pricetype"}}, {"model": "auth.permission", "pk": 137, "fields": {"name": "Can add employee", "content_type": 35, "codename": "add_employee"}}, {"model": "auth.permission", "pk": 138, "fields": {"name": "Can change employee", "content_type": 35, "codename": "change_employee"}}, {"model": "auth.permission", "pk": 139, "fields": {"name": "Can delete employee", "content_type": 35, "codename": "delete_employee"}}, {"model": "auth.permission", "pk": 140, "fields": {"name": "Can view employee", "content_type": 35, "codename": "view_employee"}}, {"model": "auth.permission", "pk": 141, "fields": {"name": "Can add contract type", "content_type": 36, "codename": "add_contracttype"}}, {"model": "auth.permission", "pk": 142, "fields": {"name": "Can change contract type", "content_type": 36, "codename": "change_contracttype"}}, {"model": "auth.permission", "pk": 143, "fields": {"name": "Can delete contract type", "content_type": 36, "codename": "delete_contracttype"}}, {"model": "auth.permission", "pk": 144, "fields": {"name": "Can view contract type", "content_type": 36, "codename": "view_contracttype"}}, {"model": "auth.permission", "pk": 145, "fields": {"name": "Can add price table", "content_type": 37, "codename": "add_pricetable"}}, {"model": "auth.permission", "pk": 146, "fields": {"name": "Can change price table", "content_type": 37, "codename": "change_pricetable"}}, {"model": "auth.permission", "pk": 147, "fields": {"name": "Can delete price table", "content_type": 37, "codename": "delete_pricetable"}}, {"model": "auth.permission", "pk": 148, "fields": {"name": "Can view price table", "content_type": 37, "codename": "view_pricetable"}}, {"model": "contenttypes.contenttype", "pk": 1, "fields": {"app_label": "admin", "model": "logentry"}}, {"model": "contenttypes.contenttype", "pk": 2, "fields": {"app_label": "auth", "model": "permission"}}, {"model": "contenttypes.contenttype", "pk": 3, "fields": {"app_label": "auth", "model": "group"}}, {"model": "contenttypes.contenttype", "pk": 4, "fields": {"app_label": "contenttypes", "model": "contenttype"}}, {"model": "contenttypes.contenttype", "pk": 5, "fields": {"app_label": "sessions", "model": "session"}}, {"model": "contenttypes.contenttype", "pk": 6, "fields": {"app_label": "django_celery_beat", "model": "crontabschedule"}}, {"model": "contenttypes.contenttype", "pk": 7, "fields": {"app_label": "django_celery_beat", "model": "intervalschedule"}}, {"model": "contenttypes.contenttype", "pk": 8, "fields": {"app_label": "django_celery_beat", "model": "periodictask"}}, {"model": "contenttypes.contenttype", "pk": 9, "fields": {"app_label": "django_celery_beat", "model": "periodictasks"}}, {"model": "contenttypes.contenttype", "pk": 10, "fields": {"app_label": "django_celery_beat", "model": "solarschedule"}}, {"model": "contenttypes.contenttype", "pk": 11, "fields": {"app_label": "django_celery_beat", "model": "clockedschedule"}}, {"model": "contenttypes.contenttype", "pk": 12, "fields": {"app_label": "main", "model": "user"}}, {"model": "contenttypes.contenttype", "pk": 13, "fields": {"app_label": "main", "model": "administrator"}}, {"model": "contenttypes.contenttype", "pk": 14, "fields": {"app_label": "main", "model": "car"}}, {"model": "contenttypes.contenttype", "pk": 15, "fields": {"app_label": "main", "model": "contrato"}}, {"model": "contenttypes.contenttype", "pk": 16, "fields": {"app_label": "main", "model": "dateperiod"}}, {"model": "contenttypes.contenttype", "pk": 17, "fields": {"app_label": "main", "model": "entradassaidas"}}, {"model": "contenttypes.contenttype", "pk": 18, "fields": {"app_label": "main", "model": "estadocontrato"}}, {"model": "contenttypes.contenttype", "pk": 19, "fields": {"app_label": "main", "model": "estadoreserva"}}, {"model": "contenttypes.contenttype", "pk": 20, "fields": {"app_label": "main", "model": "layoutline"}}, {"model": "contenttypes.contenttype", "pk": 21, "fields": {"app_label": "main", "model": "modalidadepagamento"}}, {"model": "contenttypes.contenttype", "pk": 22, "fields": {"app_label": "main", "model": "park"}}, {"model": "contenttypes.contenttype", "pk": 23, "fields": {"app_label": "main", "model": "parkingspot"}}, {"model": "contenttypes.contenttype", "pk": 24, "fields": {"app_label": "main", "model": "periocidade"}}, {"model": "contenttypes.contenttype", "pk": 25, "fields": {"app_label": "main", "model": "timeperiod"}}, {"model": "contenttypes.contenttype", "pk": 26, "fields": {"app_label": "main", "model": "zone"}}, {"model": "contenttypes.contenttype", "pk": 27, "fields": {"app_label": "main", "model": "weekschedule"}}, {"model": "contenttypes.contenttype", "pk": 28, "fields": {"app_label": "main", "model": "rolerequest"}}, {"model": "contenttypes.contenttype", "pk": 29, "fields": {"app_label": "main", "model": "reserva"}}, {"model": "contenttypes.contenttype", "pk": 30, "fields": {"app_label": "main", "model": "reclamacao"}}, {"model": "contenttypes.contenttype", "pk": 31, "fields": {"app_label": "main", "model": "notification"}}, {"model": "contenttypes.contenttype", "pk": 32, "fields": {"app_label": "main", "model": "facturarecibo"}}, {"model": "contenttypes.contenttype", "pk": 33, "fields": {"app_label": "main", "model": "client"}}, {"model": "contenttypes.contenttype", "pk": 34, "fields": {"app_label": "main", "model": "pricetype"}}, {"model": "contenttypes.contenttype", "pk": 35, "fields": {"app_label": "main", "model": "employee"}}, {"model": "contenttypes.contenttype", "pk": 36, "fields": {"app_label": "main", "model": "contracttype"}}, {"model": "contenttypes.contenttype", "pk": 37, "fields": {"app_label": "main", "model": "pricetable"}}, {"model": "sessions.session", "pk": "18su3lagdrev5ctsanjw4qv95lbg6y3a", "fields": {"session_data": ".eJxVjDsOwjAQRO_iGlnEv6wp6TmDtd61cQDZUpxUiLuTSCmgG817M28RcF1KWHuaw8TiIgZx-u0i0jPVHfAD671JanWZpyh3RR60y1vj9Loe7t9BwV62tcLICgmZ2ZpRGcAMPkNi9JkI7JZHzXh2qLUdHHidQGXKzpJxio34fAEXHzis:1o8k7x:nKc0eMcXbC2u-bMHOvlxHkJkXxEwCOT6xlFsr4umMZs", "expire_date": "2022-07-19T10:06:13.890"}}, {"model": "sessions.session", "pk": "3gc5422lwd39y4e0kyk40sk2fovwd0b5", "fields": {"session_data": ".eJxVjDsOwjAQRO_iGlnEv6wp6TmDtd61cQDZUpxUiLuTSCmgG817M28RcF1KWHuaw8TiIgZx-u0i0jPVHfAD671JanWZpyh3RR60y1vj9Loe7t9BwV62tcLICgmZ2ZpRGcAMPkNi9JkI7JZHzXh2qLUdHHidQGXKzpJxio34fAEXHzis:1o7PZ1:iLOxrd4JTruJq5k9TeTT8M6yJfiViddjOp9NLaftcC8", "expire_date": "2022-07-15T17:56:39.506"}}, {"model": "sessions.session", "pk": "3yxc1ro8c2wrwnqp70tscbqnerxamomt", "fields": {"session_data": ".eJxVjDsOwjAQRO_iGlnEv6wp6TmDtd61cQDZUpxUiLuTSCmgG817M28RcF1KWHuaw8TiIgZx-u0i0jPVHfAD671JanWZpyh3RR60y1vj9Loe7t9BwV62tcLICgmZ2ZpRGcAMPkNi9JkI7JZHzXh2qLUdHHidQGXKzpJxio34fAEXHzis:1o8lxG:x3qkDg4pphRH-azMROWtQ0iRQeb1u013et0FB8kfJHw", "expire_date": "2022-07-19T12:03:18.134"}}, {"model": "sessions.session", "pk": "4q9wots3whi5pun24yy8b1t3yi90sgxo", "fields": {"session_data": ".eJxVjDsOwjAQRO_iGlnEv6wp6TmDtd61cQDZUpxUiLuTSCmgG817M28RcF1KWHuaw8TiIgZx-u0i0jPVHfAD671JanWZpyh3RR60y1vj9Loe7t9BwV62tcLICgmZ2ZpRGcAMPkNi9JkI7JZHzXh2qLUdHHidQGXKzpJxio34fAEXHzis:1o77wM:_1wH0AIddGlshaGH0U7UBI7I9ssGe0c74BTUssk6HzA", "expire_date": "2022-07-15T04:07:34.942"}}, {"model": "sessions.session", "pk": "5nidwdfcazkty7qsvq0tgmlxqgu4ylm7", "fields": {"session_data": ".eJxVjDsOwjAQBe_iGlne-Eco6TmDtfaucQDZUpxUiLuTSCmgnZn33iLgupSwdp7DROIijDj9sojpyXUX9MB6bzK1usxTlHsiD9vlrRG_rkf7d1Cwl21twQAP3gMrYgVk85A2wkZZ1COeNSh0ml00jGr0pBA5Z4RMjr0xWXy-2Yc4Sg:1o8sDz:1yLooQeo0woTivitwvuzeJ50ChDg3fHq5b5HG7n-0aE", "expire_date": "2022-07-19T18:44:59.101"}}, {"model": "sessions.session", "pk": "g6iaxqng2514x0q7rg915lnb953bb3x7", "fields": {"session_data": ".eJxVjDsOwjAQRO_iGlnEv6wp6TmDtd61cQDZUpxUiLuTSCmgG817M28RcF1KWHuaw8TiIgZx-u0i0jPVHfAD671JanWZpyh3RR60y1vj9Loe7t9BwV62tcLICgmZ2ZpRGcAMPkNi9JkI7JZHzXh2qLUdHHidQGXKzpJxio34fAEXHzis:1o8kQE:2c-twsKzPdZNbIflfhKiRpLh-LkzRYlNrhOIelk7EMk", "expire_date": "2022-07-19T10:25:06.256"}}, {"model": "sessions.session", "pk": "hwg93etr91ju9mw2ne5x273u9geit91z", "fields": {"session_data": ".eJxVjMsOgjAQAP-lZ9P0BWw9eucbyHZ3sahpEwon478bEg56nZnMW024b3nam6zTwuqqvLr8soT0lHIIfmC5V021bOuS9JHo0zY9VpbX7Wz_BhlbPrap8y5RMBaH6NhD6iG4iGJtMMzceeiAAkSM84AzBi9EgwRwDNKTUZ8v0m032w:1o7Myt:EnyZ7hLpuz0ijdbD7mn0vpkBqWF_03fhyNOmq4A-nxg", "expire_date": "2022-07-15T15:11:11.460"}}, {"model": "sessions.session", "pk": "n4mnsd11m6f8q0nu4rpkdv8dbrubx4z0", "fields": {"session_data": ".eJxVjDsOwjAQRO_iGlnEv6wp6TmDtd61cQDZUpxUiLuTSCmgG817M28RcF1KWHuaw8TiIgZx-u0i0jPVHfAD671JanWZpyh3RR60y1vj9Loe7t9BwV62tcLICgmZ2ZpRGcAMPkNi9JkI7JZHzXh2qLUdHHidQGXKzpJxio34fAEXHzis:1o9TIP:72-Nc6lhlIKl1Nf4Z6oidDISgyMn_f9AvOwdW2WDDr0", "expire_date": "2022-07-21T16:20:01.145"}}, {"model": "sessions.session", "pk": "r5ad19dfo3ml0c5tgizk4dvl593f80hv", "fields": {"session_data": ".eJxVjDsOwjAQRO_iGlnEv6wp6TmDtd61cQDZUpxUiLuTSCmgG817M28RcF1KWHuaw8TiIgZx-u0i0jPVHfAD671JanWZpyh3RR60y1vj9Loe7t9BwV62tcLICgmZ2ZpRGcAMPkNi9JkI7JZHzXh2qLUdHHidQGXKzpJxio34fAEXHzis:1o9eon:0UNlpK8s1jgAJL_4Y5ZZLMqb6InIeqrDBM7aXqdSils", "expire_date": "2022-07-22T04:38:13.932"}}, {"model": "sessions.session", "pk": "ywrr249mfi62de055e769sp36fy1fgbl", "fields": {"session_data": ".eJxVjDsOwjAQRO_iGlnEv6wp6TmDtd61cQDZUpxUiLuTSCmgG817M28RcF1KWHuaw8TiIgZx-u0i0jPVHfAD671JanWZpyh3RR60y1vj9Loe7t9BwV62tcLICgmZ2ZpRGcAMPkNi9JkI7JZHzXh2qLUdHHidQGXKzpJxio34fAEXHzis:1o7Pbr:wImDFMloEsypgl-t3nwuPWT1JQEkvHbvO6sZcVGW138", "expire_date": "2022-07-15T17:59:35.698"}}, {"model": "django_celery_beat.crontabschedule", "pk": 1, "fields": {"minute": "0", "hour": "4", "day_of_week": "*", "day_of_month": "*", "month_of_year": "*", "timezone": "UTC"}}, {"model": "django_celery_beat.crontabschedule", "pk": 2, "fields": {"minute": "0", "hour": "0", "day_of_week": "*", "day_of_month": "*", "month_of_year": "*", "timezone": "UTC"}}, {"model": "django_celery_beat.periodictasks", "pk": 1, "fields": {"last_update": "2022-07-05T18:57:41.902"}}, {"model": "django_celery_beat.periodictask", "pk": 1, "fields": {"name": "celery.backend_cleanup", "task": "celery.backend_cleanup", "interval": null, "crontab": 1, "solar": null, "clocked": null, "args": "[]", "kwargs": "{}", "queue": null, "exchange": null, "routing_key": null, "headers": "{}", "priority": null, "expires": null, "expire_seconds": 43200, "one_off": false, "start_time": null, "enabled": true, "last_run_at": null, "total_run_count": 0, "date_changed": "2022-07-05T18:57:41.884", "description": ""}}, {"model": "django_celery_beat.periodictask", "pk": 2, "fields": {"name": "arquive_schedule", "task": "parks.tasks.refresh_schedules", "interval": null, "crontab": 2, "solar": null, "clocked": null, "args": "[]", "kwargs": "{}", "queue": null, "exchange": null, "routing_key": null, "headers": "{}", "priority": null, "expires": null, "expire_seconds": null, "one_off": false, "start_time": null, "enabled": true, "last_run_at": null, "total_run_count": 0, "date_changed": "2022-07-05T18:57:41.908", "description": ""}}, {"model": "main.user", "pk": 1, "fields": {"password": "pbkdf2_sha256$320000$v6ZdnLkDkaBApMxLsQVRlO$I7xLcwnkcSMEZAGolN3kVsZxNuKqnDHbD4zsyG05QYw=", "last_login": "2022-07-08T04:38:13.927", "is_superuser": true, "username": "a61207@ualg.pt", "first_name": "Pedro", "last_name": "Santos", "is_staff": true, "is_active": true, "date_joined": "2022-07-01T04:04:44.426", "email": "a61207@ualg.pt", "groups": [], "user_permissions": []}}, {"model": "main.user", "pk": 2, "fields": {"password": "pbkdf2_sha256$320000$TsIB284qs7eIousogiNkcB$RDLxtEYdt8pF7e5ZC9r4tprYnRmXB8WjO3EeJwUDbDw=", "last_login": null, "is_superuser": false, "username": "pedro.pbss.94@gmail.com", "first_name": "Pedro", "last_name": "Santos", "is_staff": false, "is_active": true, "date_joined": "2022-07-01T04:07:06.772", "email": "pedro.pbss.94@gmail.com", "groups": [], "user_permissions": []}}, {"model": "main.user", "pk": 3, "fields": {"password": "pbkdf2_sha256$320000$grqNudpq8PKS2aM0j4smQv$K4O9+YtWWCdVR31KcB3jf6RvzRjtz/j4Jmm5xBiLUSI=", "last_login": "2022-07-04T19:58:26.797", "is_superuser": false, "username": "pedro_santos@gmail.com", "first_name": "Pedro", "last_name": "Santos", "is_staff": false, "is_active": true, "date_joined": "2022-07-01T04:07:30.511", "email": "pedro_santos@gmail.com", "groups": [], "user_permissions": []}}, {"model": "main.user", "pk": 4, "fields": {"password": "pbkdf2_sha256$320000$RXK3iHRCu5CBuygzFuSK7Q$0zCOuW8mdkquPWdCg69Cw5heFk6HMNlpBerbVb4FhrY=", "last_login": "2022-07-08T04:03:21.928", "is_superuser": false, "username": "william@gmail.com", "first_name": "William", "last_name": "Santos", "is_staff": false, "is_active": true, "date_joined": "2022-07-01T18:58:16.339", "email": "william@gmail.com", "groups": [], "user_permissions": []}}, {"model": "main.administrator", "pk": 1, "fields": {"user": 1}}, {"model": "main.employee", "pk": 1, "fields": {"user": 2}}, {"model": "main.client", "pk": 1, "fields": {"user": 1, "nif": null}}, {"model": "main.client", "pk": 3, "fields": {"user": 3, "nif": null}}, {"model": "main.client", "pk": 4, "fields": {"user": 4, "nif": null}}, {"model": "main.car", "pk": 1, "fields": {"client": 3, "registration": "00-AA-00", "foreign": true, "brand": "Land Rover", "model": "Freelander", "deleted": false, "created": "2022-07-01T14:08:14.371", "updated": "2022-07-01T14:29:57.812"}}, {"model": "main.car", "pk": 2, "fields": {"client": 3, "registration": "00-12-00", "foreign": false, "brand": "Toyota", "model": "12", "deleted": false, "created": "2022-07-01T14:17:06.784", "updated": "2022-07-01T14:17:06.784"}}, {"model": "main.car", "pk": 3, "fields": {"client": 3, "registration": "12-12-12", "foreign": false, "brand": "Toyota", "model": "12", "deleted": true, "created": "2022-07-01T14:18:18.982", "updated": "2022-07-01T14:18:18.982"}}, {"model": "main.car", "pk": 4, "fields": {"client": 4, "registration": "PP-22-PP", "foreign": false, "brand": "Mercedez", "model": "Frau", "deleted": false, "created": "2022-07-01T18:58:55.636", "updated": "2022-07-01T18:58:55.636"}}, {"model": "main.rolerequest", "pk": 1, "fields": {"user": 2, "role": "EM", "is_accepted": true, "is_reviewed": true, "is_erased": false, "created": "2022-07-01T04:07:06.778", "updated": "2022-07-01T04:07:13.323"}}, {"model": "main.timeperiod", "pk": 1, "fields": {"start": "00:00:00", "end": "00:00:00"}}, {"model": "main.timeperiod", "pk": 2, "fields": {"start": "00:00:00", "end": "00:00:00"}}, {"model": "main.timeperiod", "pk": 3, "fields": {"start": "00:00:00", "end": "00:00:00"}}, {"model": "main.timeperiod", "pk": 4, "fields": {"start": "00:00:00", "end": "00:00:00"}}, {"model": "main.timeperiod", "pk": 5, "fields": {"start": "00:00:00", "end": "00:00:00"}}, {"model": "main.timeperiod", "pk": 6, "fields": {"start": "06:00:00", "end": "23:00:00"}}, {"model": "main.timeperiod", "pk": 7, "fields": {"start": "06:00:00", "end": "23:00:00"}}, {"model": "main.timeperiod", "pk": 8, "fields": {"start": "12:00:00", "end": "12:00:00"}}, {"model": "main.timeperiod", "pk": 9, "fields": {"start": "12:00:00", "end": "12:00:00"}}, {"model": "main.timeperiod", "pk": 10, "fields": {"start": "12:00:00", "end": "12:00:00"}}, {"model": "main.timeperiod", "pk": 11, "fields": {"start": "12:00:00", "end": "12:00:00"}}, {"model": "main.timeperiod", "pk": 12, "fields": {"start": "12:00:00", "end": "12:00:00"}}, {"model": "main.timeperiod", "pk": 13, "fields": {"start": "08:00:00", "end": "20:00:00"}}, {"model": "main.timeperiod", "pk": 14, "fields": {"start": "08:00:00", "end": "20:00:00"}}, {"model": "main.timeperiod", "pk": 15, "fields": {"start": "12:00:00", "end": "12:00:00"}}, {"model": "main.timeperiod", "pk": 16, "fields": {"start": "12:00:00", "end": "12:00:00"}}, {"model": "main.timeperiod", "pk": 17, "fields": {"start": "12:00:00", "end": "12:00:00"}}, {"model": "main.timeperiod", "pk": 18, "fields": {"start": "12:00:00", "end": "12:00:00"}}, {"model": "main.timeperiod", "pk": 19, "fields": {"start": "12:00:00", "end": "12:00:00"}}, {"model": "main.timeperiod", "pk": 20, "fields": {"start": "12:00:00", "end": "12:00:00"}}, {"model": "main.timeperiod", "pk": 21, "fields": {"start": "12:00:00", "end": "12:00:00"}}, {"model": "main.timeperiod", "pk": 22, "fields": {"start": "12:00:00", "end": "12:00:00"}}, {"model": "main.timeperiod", "pk": 23, "fields": {"start": "12:00:00", "end": "12:00:00"}}, {"model": "main.timeperiod", "pk": 24, "fields": {"start": "12:00:00", "end": "12:00:00"}}, {"model": "main.timeperiod", "pk": 25, "fields": {"start": "12:00:00", "end": "12:00:00"}}, {"model": "main.timeperiod", "pk": 26, "fields": {"start": "12:00:00", "end": "12:00:00"}}, {"model": "main.timeperiod", "pk": 27, "fields": {"start": "12:00:00", "end": "12:00:00"}}, {"model": "main.timeperiod", "pk": 28, "fields": {"start": "12:00:00", "end": "12:00:00"}}, {"model": "main.timeperiod", "pk": 29, "fields": {"start": "00:00:00", "end": "00:00:00"}}, {"model": "main.timeperiod", "pk": 30, "fields": {"start": "00:00:00", "end": "00:00:00"}}, {"model": "main.timeperiod", "pk": 31, "fields": {"start": "00:00:00", "end": "00:00:00"}}, {"model": "main.timeperiod", "pk": 32, "fields": {"start": "00:00:00", "end": "00:00:00"}}, {"model": "main.timeperiod", "pk": 33, "fields": {"start": "00:00:00", "end": "00:00:00"}}, {"model": "main.timeperiod", "pk": 34, "fields": {"start": "08:00:00", "end": "20:00:00"}}, {"model": "main.timeperiod", "pk": 35, "fields": {"start": "08:00:00", "end": "20:00:00"}}, {"model": "main.timeperiod", "pk": 36, "fields": {"start": "00:00:00", "end": "00:00:00"}}, {"model": "main.timeperiod", "pk": 37, "fields": {"start": "00:00:00", "end": "00:00:00"}}, {"model": "main.timeperiod", "pk": 38, "fields": {"start": "00:00:00", "end": "00:00:00"}}, {"model": "main.timeperiod", "pk": 39, "fields": {"start": "00:00:00", "end": "00:00:00"}}, {"model": "main.timeperiod", "pk": 40, "fields": {"start": "00:00:00", "end": "00:00:00"}}, {"model": "main.timeperiod", "pk": 41, "fields": {"start": "00:00:00", "end": "00:00:00"}}, {"model": "main.timeperiod", "pk": 42, "fields": {"start": "00:00:00", "end": "00:00:00"}}, {"model": "main.timeperiod", "pk": 43, "fields": {"start": "08:00:00", "end": "20:00:00"}}, {"model": "main.timeperiod", "pk": 44, "fields": {"start": "08:00:00", "end": "20:00:00"}}, {"model": "main.timeperiod", "pk": 45, "fields": {"start": "08:00:00", "end": "20:00:00"}}, {"model": "main.timeperiod", "pk": 46, "fields": {"start": "08:00:00", "end": "20:00:00"}}, {"model": "main.timeperiod", "pk": 47, "fields": {"start": "08:00:00", "end": "20:00:00"}}, {"model": "main.timeperiod", "pk": 48, "fields": {"start": null, "end": null}}, {"model": "main.timeperiod", "pk": 49, "fields": {"start": null, "end": null}}, {"model": "main.timeperiod", "pk": 50, "fields": {"start": "06:00:00", "end": "23:00:00"}}, {"model": "main.timeperiod", "pk": 51, "fields": {"start": "06:00:00", "end": "23:00:00"}}, {"model": "main.timeperiod", "pk": 52, "fields": {"start": "06:00:00", "end": "23:00:00"}}, {"model": "main.timeperiod", "pk": 53, "fields": {"start": "06:00:00", "end": "23:00:00"}}, {"model": "main.timeperiod", "pk": 54, "fields": {"start": "06:00:00", "end": "23:00:00"}}, {"model": "main.timeperiod", "pk": 55, "fields": {"start": "12:00:00", "end": "22:00:00"}}, {"model": "main.timeperiod", "pk": 56, "fields": {"start": null, "end": null}}, {"model": "main.timeperiod", "pk": 57, "fields": {"start": "12:00:00", "end": "13:00:00"}}, {"model": "main.timeperiod", "pk": 58, "fields": {"start": "12:00:00", "end": "13:00:00"}}, {"model": "main.timeperiod", "pk": 59, "fields": {"start": "12:00:00", "end": "13:00:00"}}, {"model": "main.timeperiod", "pk": 60, "fields": {"start": "12:00:00", "end": "13:00:00"}}, {"model": "main.timeperiod", "pk": 61, "fields": {"start": "12:00:00", "end": "13:00:00"}}, {"model": "main.timeperiod", "pk": 62, "fields": {"start": "12:00:00", "end": "13:00:00"}}, {"model": "main.timeperiod", "pk": 63, "fields": {"start": "12:00:00", "end": "13:00:00"}}, {"model": "main.timeperiod", "pk": 64, "fields": {"start": "01:00:00", "end": "12:00:00"}}, {"model": "main.timeperiod", "pk": 65, "fields": {"start": "01:00:00", "end": "12:00:00"}}, {"model": "main.timeperiod", "pk": 66, "fields": {"start": "01:00:00", "end": "12:00:00"}}, {"model": "main.timeperiod", "pk": 67, "fields": {"start": "01:00:00", "end": "12:00:00"}}, {"model": "main.timeperiod", "pk": 68, "fields": {"start": "01:00:00", "end": "12:00:00"}}, {"model": "main.timeperiod", "pk": 69, "fields": {"start": "01:00:00", "end": "12:00:00"}}, {"model": "main.timeperiod", "pk": 70, "fields": {"start": "01:00:00", "end": "12:00:00"}}, {"model": "main.timeperiod", "pk": 71, "fields": {"start": "12:00:00", "end": "20:00:00"}}, {"model": "main.timeperiod", "pk": 72, "fields": {"start": "12:00:00", "end": "20:00:00"}}, {"model": "main.timeperiod", "pk": 73, "fields": {"start": "12:00:00", "end": "20:00:00"}}, {"model": "main.timeperiod", "pk": 74, "fields": {"start": "12:00:00", "end": "20:00:00"}}, {"model": "main.timeperiod", "pk": 75, "fields": {"start": "12:00:00", "end": "20:00:00"}}, {"model": "main.timeperiod", "pk": 76, "fields": {"start": null, "end": null}}, {"model": "main.timeperiod", "pk": 77, "fields": {"start": null, "end": null}}, {"model": "main.timeperiod", "pk": 78, "fields": {"start": "08:00:00", "end": "22:00:00"}}, {"model": "main.timeperiod", "pk": 79, "fields": {"start": "08:00:00", "end": "22:00:00"}}, {"model": "main.timeperiod", "pk": 80, "fields": {"start": "08:00:00", "end": "22:00:00"}}, {"model": "main.timeperiod", "pk": 81, "fields": {"start": "08:00:00", "end": "22:00:00"}}, {"model": "main.timeperiod", "pk": 82, "fields": {"start": "08:00:00", "end": "22:00:00"}}, {"model": "main.timeperiod", "pk": 83, "fields": {"start": "12:00:00", "end": "20:00:00"}}, {"model": "main.timeperiod", "pk": 84, "fields": {"start": "12:00:00", "end": "20:00:00"}}, {"model": "main.timeperiod", "pk": 85, "fields": {"start": "00:00:00", "end": "23:59:00"}}, {"model": "main.timeperiod", "pk": 86, "fields": {"start": "00:00:00", "end": "23:59:00"}}, {"model": "main.timeperiod", "pk": 87, "fields": {"start": "00:00:00", "end": "23:59:00"}}, {"model": "main.timeperiod", "pk": 88, "fields": {"start": "00:00:00", "end": "23:59:00"}}, {"model": "main.timeperiod", "pk": 89, "fields": {"start": "00:00:00", "end": "23:59:00"}}, {"model": "main.timeperiod", "pk": 90, "fields": {"start": "00:00:00", "end": "23:59:00"}}, {"model": "main.timeperiod", "pk": 91, "fields": {"start": "00:00:00", "end": "23:59:00"}}, {"model": "main.timeperiod", "pk": 92, "fields": {"start": "00:00:00", "end": "23:59:00"}}, {"model": "main.timeperiod", "pk": 93, "fields": {"start": "00:00:00", "end": "23:59:00"}}, {"model": "main.timeperiod", "pk": 94, "fields": {"start": "00:00:00", "end": "23:59:00"}}, {"model": "main.timeperiod", "pk": 95, "fields": {"start": "00:00:00", "end": "23:59:00"}}, {"model": "main.timeperiod", "pk": 96, "fields": {"start": "00:00:00", "end": "23:59:00"}}, {"model": "main.timeperiod", "pk": 97, "fields": {"start": "00:00:00", "end": "23:59:00"}}, {"model": "main.timeperiod", "pk": 98, "fields": {"start": "00:00:00", "end": "23:59:00"}}, {"model": "main.timeperiod", "pk": 99, "fields": {"start": "00:00:00", "end": "23:59:00"}}, {"model": "main.timeperiod", "pk": 100, "fields": {"start": "00:00:00", "end": "23:59:00"}}, {"model": "main.timeperiod", "pk": 101, "fields": {"start": "00:00:00", "end": "23:59:00"}}, {"model": "main.timeperiod", "pk": 102, "fields": {"start": "00:00:00", "end": "23:59:00"}}, {"model": "main.timeperiod", "pk": 103, "fields": {"start": "00:00:00", "end": "23:59:00"}}, {"model": "main.timeperiod", "pk": 104, "fields": {"start": "00:00:00", "end": "23:59:00"}}, {"model": "main.timeperiod", "pk": 105, "fields": {"start": "00:00:00", "end": "23:59:00"}}, {"model": "main.timeperiod", "pk": 106, "fields": {"start": "00:00:00", "end": "23:59:00"}}, {"model": "main.timeperiod", "pk": 107, "fields": {"start": "00:00:00", "end": "23:59:00"}}, {"model": "main.timeperiod", "pk": 108, "fields": {"start": "00:00:00", "end": "23:59:00"}}, {"model": "main.timeperiod", "pk": 109, "fields": {"start": "00:00:00", "end": "23:59:00"}}, {"model": "main.timeperiod", "pk": 110, "fields": {"start": "00:00:00", "end": "23:59:00"}}, {"model": "main.timeperiod", "pk": 111, "fields": {"start": "00:00:00", "end": "23:59:00"}}, {"model": "main.timeperiod", "pk": 112, "fields": {"start": "00:00:00", "end": "23:59:00"}}, {"model": "main.timeperiod", "pk": 113, "fields": {"start": "12:00:00", "end": "20:00:00"}}, {"model": "main.timeperiod", "pk": 114, "fields": {"start": "12:00:00", "end": "20:00:00"}}, {"model": "main.timeperiod", "pk": 115, "fields": {"start": "12:00:00", "end": "20:00:00"}}, {"model": "main.timeperiod", "pk": 116, "fields": {"start": "12:00:00", "end": "20:00:00"}}, {"model": "main.timeperiod", "pk": 117, "fields": {"start": "12:00:00", "end": "20:00:00"}}, {"model": "main.timeperiod", "pk": 118, "fields": {"start": "12:00:00", "end": "20:00:00"}}, {"model": "main.timeperiod", "pk": 119, "fields": {"start": "12:00:00", "end": "20:00:00"}}, {"model": "main.timeperiod", "pk": 120, "fields": {"start": "00:00:00", "end": "20:00:00"}}, {"model": "main.timeperiod", "pk": 121, "fields": {"start": "00:00:00", "end": "20:00:00"}}, {"model": "main.timeperiod", "pk": 122, "fields": {"start": "00:00:00", "end": "20:00:00"}}, {"model": "main.timeperiod", "pk": 123, "fields": {"start": "00:00:00", "end": "20:00:00"}}, {"model": "main.timeperiod", "pk": 124, "fields": {"start": "00:00:00", "end": "20:00:00"}}, {"model": "main.timeperiod", "pk": 125, "fields": {"start": "00:00:00", "end": "20:00:00"}}, {"model": "main.timeperiod", "pk": 126, "fields": {"start": "00:00:00", "end": "20:00:00"}}, {"model": "main.timeperiod", "pk": 127, "fields": {"start": "12:00:00", "end": "20:00:00"}}, {"model": "main.timeperiod", "pk": 128, "fields": {"start": "12:00:00", "end": "20:00:00"}}, {"model": "main.timeperiod", "pk": 129, "fields": {"start": "12:00:00", "end": "20:00:00"}}, {"model": "main.timeperiod", "pk": 130, "fields": {"start": "12:00:00", "end": "20:00:00"}}, {"model": "main.timeperiod", "pk": 131, "fields": {"start": "12:00:00", "end": "20:00:00"}}, {"model": "main.timeperiod", "pk": 132, "fields": {"start": "12:00:00", "end": "20:00:00"}}, {"model": "main.timeperiod", "pk": 133, "fields": {"start": "12:00:00", "end": "20:00:00"}}, {"model": "main.timeperiod", "pk": 134, "fields": {"start": "00:00:00", "end": "12:00:00"}}, {"model": "main.timeperiod", "pk": 135, "fields": {"start": "00:00:00", "end": "12:00:00"}}, {"model": "main.timeperiod", "pk": 136, "fields": {"start": "00:00:00", "end": "12:00:00"}}, {"model": "main.timeperiod", "pk": 137, "fields": {"start": "00:00:00", "end": "12:00:00"}}, {"model": "main.timeperiod", "pk": 138, "fields": {"start": "00:00:00", "end": "12:00:00"}}, {"model": "main.timeperiod", "pk": 139, "fields": {"start": "00:00:00", "end": "12:00:00"}}, {"model": "main.timeperiod", "pk": 140, "fields": {"start": "00:00:00", "end": "12:00:00"}}, {"model": "main.timeperiod", "pk": 141, "fields": {"start": "12:00:00", "end": "20:00:00"}}, {"model": "main.timeperiod", "pk": 142, "fields": {"start": "12:00:00", "end": "20:00:00"}}, {"model": "main.timeperiod", "pk": 143, "fields": {"start": "12:00:00", "end": "20:00:00"}}, {"model": "main.timeperiod", "pk": 144, "fields": {"start": "12:00:00", "end": "20:00:00"}}, {"model": "main.timeperiod", "pk": 145, "fields": {"start": "12:00:00", "end": "20:00:00"}}, {"model": "main.timeperiod", "pk": 146, "fields": {"start": "12:00:00", "end": "20:00:00"}}, {"model": "main.timeperiod", "pk": 147, "fields": {"start": "12:00:00", "end": "20:00:00"}}, {"model": "main.timeperiod", "pk": 148, "fields": {"start": "20:00:00", "end": "23:00:00"}}, {"model": "main.timeperiod", "pk": 149, "fields": {"start": "20:00:00", "end": "23:00:00"}}, {"model": "main.timeperiod", "pk": 150, "fields": {"start": "20:00:00", "end": "23:00:00"}}, {"model": "main.timeperiod", "pk": 151, "fields": {"start": "20:00:00", "end": "23:00:00"}}, {"model": "main.timeperiod", "pk": 152, "fields": {"start": "20:00:00", "end": "23:00:00"}}, {"model": "main.timeperiod", "pk": 153, "fields": {"start": "20:00:00", "end": "23:00:00"}}, {"model": "main.timeperiod", "pk": 154, "fields": {"start": "20:00:00", "end": "23:00:00"}}, {"model": "main.timeperiod", "pk": 155, "fields": {"start": "00:00:00", "end": "10:00:00"}}, {"model": "main.timeperiod", "pk": 156, "fields": {"start": "00:00:00", "end": "10:00:00"}}, {"model": "main.timeperiod", "pk": 157, "fields": {"start": "00:00:00", "end": "10:00:00"}}, {"model": "main.timeperiod", "pk": 158, "fields": {"start": "00:00:00", "end": "10:00:00"}}, {"model": "main.timeperiod", "pk": 159, "fields": {"start": "00:00:00", "end": "10:00:00"}}, {"model": "main.timeperiod", "pk": 160, "fields": {"start": "00:00:00", "end": "10:00:00"}}, {"model": "main.timeperiod", "pk": 161, "fields": {"start": "00:00:00", "end": "10:00:00"}}, {"model": "main.timeperiod", "pk": 162, "fields": {"start": "00:11:00", "end": "13:00:00"}}, {"model": "main.timeperiod", "pk": 163, "fields": {"start": "00:11:00", "end": "13:00:00"}}, {"model": "main.timeperiod", "pk": 164, "fields": {"start": "00:11:00", "end": "13:00:00"}}, {"model": "main.timeperiod", "pk": 165, "fields": {"start": "00:11:00", "end": "13:00:00"}}, {"model": "main.timeperiod", "pk": 166, "fields": {"start": "00:11:00", "end": "13:00:00"}}, {"model": "main.timeperiod", "pk": 167, "fields": {"start": "00:11:00", "end": "13:00:00"}}, {"model": "main.timeperiod", "pk": 168, "fields": {"start": "00:11:00", "end": "13:00:00"}}, {"model": "main.timeperiod", "pk": 169, "fields": {"start": "12:00:00", "end": "20:00:00"}}, {"model": "main.timeperiod", "pk": 170, "fields": {"start": "12:00:00", "end": "20:00:00"}}, {"model": "main.timeperiod", "pk": 171, "fields": {"start": "12:00:00", "end": "20:00:00"}}, {"model": "main.timeperiod", "pk": 172, "fields": {"start": "12:00:00", "end": "20:00:00"}}, {"model": "main.timeperiod", "pk": 173, "fields": {"start": "12:00:00", "end": "20:00:00"}}, {"model": "main.timeperiod", "pk": 174, "fields": {"start": "12:00:00", "end": "20:00:00"}}, {"model": "main.timeperiod", "pk": 175, "fields": {"start": "12:00:00", "end": "20:00:00"}}, {"model": "main.timeperiod", "pk": 176, "fields": {"start": "10:00:00", "end": "12:00:00"}}, {"model": "main.timeperiod", "pk": 177, "fields": {"start": "10:00:00", "end": "12:00:00"}}, {"model": "main.timeperiod", "pk": 178, "fields": {"start": "10:00:00", "end": "12:00:00"}}, {"model": "main.timeperiod", "pk": 179, "fields": {"start": "10:00:00", "end": "12:00:00"}}, {"model": "main.timeperiod", "pk": 180, "fields": {"start": "10:00:00", "end": "12:00:00"}}, {"model": "main.timeperiod", "pk": 181, "fields": {"start": "10:00:00", "end": "12:00:00"}}, {"model": "main.timeperiod", "pk": 182, "fields": {"start": "10:00:00", "end": "12:00:00"}}, {"model": "main.timeperiod", "pk": 183, "fields": {"start": "12:00:00", "end": "20:00:00"}}, {"model": "main.timeperiod", "pk": 184, "fields": {"start": "12:00:00", "end": "20:00:00"}}, {"model": "main.timeperiod", "pk": 185, "fields": {"start": "12:00:00", "end": "20:00:00"}}, {"model": "main.timeperiod", "pk": 186, "fields": {"start": "12:00:00", "end": "20:00:00"}}, {"model": "main.timeperiod", "pk": 187, "fields": {"start": "12:00:00", "end": "20:00:00"}}, {"model": "main.timeperiod", "pk": 188, "fields": {"start": "12:00:00", "end": "20:00:00"}}, {"model": "main.timeperiod", "pk": 189, "fields": {"start": "12:00:00", "end": "20:00:00"}}, {"model": "main.dateperiod", "pk": 1, "fields": {"start_date": "2022-07-02", "end_date": "2022-08-01"}}, {"model": "main.dateperiod", "pk": 2, "fields": {"start_date": "2022-08-10", "end_date": "2022-09-02"}}, {"model": "main.dateperiod", "pk": 3, "fields": {"start_date": "2022-08-02", "end_date": "2022-08-03"}}, {"model": "main.dateperiod", "pk": 4, "fields": {"start_date": "2022-07-01", "end_date": "2022-07-01"}}, {"model": "main.dateperiod", "pk": 5, "fields": {"start_date": "2022-07-05", "end_date": "2023-07-05"}}, {"model": "main.dateperiod", "pk": 6, "fields": {"start_date": "2024-07-28", "end_date": "2025-07-28"}}, {"model": "main.dateperiod", "pk": 7, "fields": {"start_date": "2022-07-06", "end_date": "2022-07-06"}}, {"model": "main.dateperiod", "pk": 8, "fields": {"start_date": "2022-07-06", "end_date": "2022-07-06"}}, {"model": "main.dateperiod", "pk": 9, "fields": {"start_date": "2022-07-06", "end_date": "2022-07-06"}}, {"model": "main.dateperiod", "pk": 10, "fields": {"start_date": "2022-07-06", "end_date": "2022-07-06"}}, {"model": "main.dateperiod", "pk": 11, "fields": {"start_date": "2022-07-06", "end_date": "2022-07-06"}}, {"model": "main.dateperiod", "pk": 12, "fields": {"start_date": "2022-07-06", "end_date": "2022-07-06"}}, {"model": "main.dateperiod", "pk": 13, "fields": {"start_date": "2022-07-06", "end_date": "2022-07-06"}}, {"model": "main.dateperiod", "pk": 14, "fields": {"start_date": "2022-07-06", "end_date": "2022-07-06"}}, {"model": "main.dateperiod", "pk": 15, "fields": {"start_date": "2022-07-06", "end_date": "2022-07-06"}}, {"model": "main.dateperiod", "pk": 16, "fields": {"start_date": "2022-07-06", "end_date": "2022-07-06"}}, {"model": "main.dateperiod", "pk": 17, "fields": {"start_date": "2022-07-06", "end_date": "2022-07-06"}}, {"model": "main.dateperiod", "pk": 18, "fields": {"start_date": "2022-07-06", "end_date": "2022-07-06"}}, {"model": "main.dateperiod", "pk": 19, "fields": {"start_date": "2022-07-06", "end_date": "2022-07-06"}}, {"model": "main.dateperiod", "pk": 20, "fields": {"start_date": "2022-07-07", "end_date": "2022-07-07"}}, {"model": "main.dateperiod", "pk": 21, "fields": {"start_date": "2022-07-08", "end_date": "2022-07-08"}}, {"model": "main.dateperiod", "pk": 22, "fields": {"start_date": "2022-07-07", "end_date": "2022-07-07"}}, {"model": "main.dateperiod", "pk": 23, "fields": {"start_date": "2022-07-07", "end_date": "2022-07-07"}}, {"model": "main.dateperiod", "pk": 24, "fields": {"start_date": "2022-07-07", "end_date": "2022-07-07"}}, {"model": "main.dateperiod", "pk": 25, "fields": {"start_date": "2022-07-07", "end_date": "2022-07-21"}}, {"model": "main.dateperiod", "pk": 26, "fields": {"start_date": "2022-07-07", "end_date": "2022-07-21"}}, {"model": "main.dateperiod", "pk": 27, "fields": {"start_date": "2022-07-07", "end_date": "2022-07-21"}}, {"model": "main.dateperiod", "pk": 28, "fields": {"start_date": "2022-07-07", "end_date": "2022-07-21"}}, {"model": "main.dateperiod", "pk": 29, "fields": {"start_date": "2022-07-07", "end_date": "2022-07-21"}}, {"model": "main.dateperiod", "pk": 30, "fields": {"start_date": "2022-07-07", "end_date": "2022-07-21"}}, {"model": "main.dateperiod", "pk": 31, "fields": {"start_date": "2022-07-28", "end_date": "2022-08-18"}}, {"model": "main.dateperiod", "pk": 32, "fields": {"start_date": "2022-07-22", "end_date": "2022-08-05"}}, {"model": "main.dateperiod", "pk": 33, "fields": {"start_date": "2022-07-22", "end_date": "2022-08-05"}}, {"model": "main.dateperiod", "pk": 34, "fields": {"start_date": "2022-07-07", "end_date": "2022-07-21"}}, {"model": "main.dateperiod", "pk": 35, "fields": {"start_date": "2022-07-07", "end_date": "2022-07-21"}}, {"model": "main.dateperiod", "pk": 36, "fields": {"start_date": "2022-08-04", "end_date": "2022-08-04"}}, {"model": "main.dateperiod", "pk": 37, "fields": {"start_date": "2022-07-07", "end_date": "2022-07-07"}}, {"model": "main.dateperiod", "pk": 38, "fields": {"start_date": "2022-07-21", "end_date": "2022-08-04"}}, {"model": "main.dateperiod", "pk": 39, "fields": {"start_date": "2022-07-07", "end_date": "2022-07-07"}}, {"model": "main.dateperiod", "pk": 40, "fields": {"start_date": "2022-07-07", "end_date": "2022-07-07"}}, {"model": "main.dateperiod", "pk": 41, "fields": {"start_date": "2022-07-07", "end_date": "2022-07-21"}}, {"model": "main.dateperiod", "pk": 42, "fields": {"start_date": "2022-07-28", "end_date": "2022-07-28"}}, {"model": "main.dateperiod", "pk": 43, "fields": {"start_date": "2022-07-22", "end_date": "2022-07-23"}}, {"model": "main.dateperiod", "pk": 44, "fields": {"start_date": "2022-07-08", "end_date": "2022-07-08"}}, {"model": "main.dateperiod", "pk": 45, "fields": {"start_date": "2022-07-07", "end_date": "2022-07-08"}}, {"model": "main.dateperiod", "pk": 46, "fields": {"start_date": "2022-07-09", "end_date": "2022-07-09"}}, {"model": "main.dateperiod", "pk": 47, "fields": {"start_date": "2022-07-07", "end_date": "2022-07-07"}}, {"model": "main.dateperiod", "pk": 48, "fields": {"start_date": "2022-07-08", "end_date": "2022-07-29"}}, {"model": "main.dateperiod", "pk": 49, "fields": {"start_date": "2022-07-08", "end_date": "2022-07-22"}}, {"model": "main.park", "pk": 27, "fields": {"name": "Alcântara", "address": "Rua das Fontainhas, 13-45", "postal_code": "1300-610", "city": "Lisbon", "typology": "SF", "map_html": "<iframe src=\"https://www.google.com/maps/embed?pb=!1m18!1m12!1m3!1d3113.5045285814117!2d-9.176633084284427!3d38.706224065794316!2m3!1f0!2f0!3f0!3m2!1i1024!2i768!4f13.1!3m3!1m2!1s0xd1934a6bc593c5b%3A0xa2d667f653a93bbe!2sR.%20das%20Fonta%C3%ADnhas%2013%2C%201300-610%20Lisboa!5e0!3m2!1spt-PT!2spt!4v1657246930781!5m2!1spt-PT!2spt\" width=\"600\" height=\"450\" style=\"border:0;\" allowfullscreen=\"\" loading=\"lazy\" referrerpolicy=\"no-referrer-when-downgrade\"></iframe>", "is_open": true, "is_archived": false, "created": "2022-07-08T03:22:30.709", "updated": "2022-07-08T03:22:30.709", "admin": 1}}, {"model": "main.park", "pk": 28, "fields": {"name": "Aldeia de Telheiras", "address": "Rua Professor Francisco Gentil, nº19", "postal_code": "1600-613", "city": "Lisbon", "typology": "ST", "map_html": "<iframe src=\"https://www.google.com/maps/embed?pb=!1m18!1m12!1m3!1d777.7836697369488!2d-9.171102041278049!3d38.76061490000002!2m3!1f0!2f0!3f0!3m2!1i1024!2i768!4f13.1!3m3!1m2!1s0xd1932dd041f6a5b%3A0xc4170e975dabf580!2sHabitalimpa%20-%20limpezas%20e%20Gest%C3%A3o%20de%20Condom%C3%ADnios%20Lda.!5e0!3m2!1spt-PT!2spt!4v1657250705030!5m2!1spt-PT!2spt\" width=\"600\" height=\"450\" style=\"border:0;\" allowfullscreen=\"\" loading=\"lazy\" referrerpolicy=\"no-referrer-when-downgrade\"></iframe>", "is_open": true, "is_archived": false, "created": "2022-07-08T04:25:26.692", "updated": "2022-07-08T04:25:26.692", "admin": 1}}, {"model": "main.pricetable", "pk": 22, "fields": {"deadline": 49, "archived": false, "park": 28}}, {"model": "main.pricetype", "pk": 39, "fields": {"minutes": 0, "hours": 1, "total": "10.00", "type": "NO", "table": 22}}, {"model": "main.weekschedule", "pk": 27, "fields": {"deadline": 48, "monday": 183, "tuesday": 184, "wednesday": 185, "thursday": 186, "friday": 187, "saturday": 188, "sunday": 189, "archived": false, "park": 28}}, {"model": "main.zone", "pk": 15, "fields": {"name": "Main Park", "park": 27, "is_archived": false, "is_open": true}}, {"model": "main.zone", "pk": 16, "fields": {"name": "Main Park", "park": 28, "is_archived": true, "is_open": false}}, {"model": "main.zone", "pk": 17, "fields": {"name": "Main Park 2", "park": 28, "is_archived": true, "is_open": false}}, {"model": "main.parkingspot", "pk": 163, "fields": {"number": 1, "zone": 15, "x": 33, "y": 9, "direction": "HO", "is_archived": true}}, {"model": "main.parkingspot", "pk": 164, "fields": {"number": 2, "zone": 15, "x": 33, "y": 10, "direction": "HO", "is_archived": true}}, {"model": "main.parkingspot", "pk": 165, "fields": {"number": 3, "zone": 15, "x": 33, "y": 11, "direction": "HO", "is_archived": true}}, {"model": "main.parkingspot", "pk": 166, "fields": {"number": 4, "zone": 15, "x": 33, "y": 12, "direction": "HO", "is_archived": true}}, {"model": "main.parkingspot", "pk": 167, "fields": {"number": 5, "zone": 15, "x": 33, "y": 13, "direction": "HO", "is_archived": true}}, {"model": "main.parkingspot", "pk": 168, "fields": {"number": 6, "zone": 15, "x": 33, "y": 14, "direction": "HO", "is_archived": true}}, {"model": "main.parkingspot", "pk": 169, "fields": {"number": 7, "zone": 15, "x": 33, "y": 15, "direction": "HO", "is_archived": true}}, {"model": "main.parkingspot", "pk": 170, "fields": {"number": 8, "zone": 15, "x": 33, "y": 16, "direction": "HO", "is_archived": true}}, {"model": "main.parkingspot", "pk": 171, "fields": {"number": 9, "zone": 15, "x": 33, "y": 17, "direction": "HO", "is_archived": true}}, {"model": "main.parkingspot", "pk": 172, "fields": {"number": 10, "zone": 15, "x": 33, "y": 18, "direction": "HO", "is_archived": true}}, {"model": "main.parkingspot", "pk": 173, "fields": {"number": 11, "zone": 15, "x": 35, "y": 9, "direction": "HO", "is_archived": false}}, {"model": "main.parkingspot", "pk": 174, "fields": {"number": 12, "zone": 15, "x": 35, "y": 10, "direction": "HO", "is_archived": false}}, {"model": "main.parkingspot", "pk": 175, "fields": {"number": 13, "zone": 15, "x": 35, "y": 11, "direction": "HO", "is_archived": false}}, {"model": "main.parkingspot", "pk": 176, "fields": {"number": 14, "zone": 15, "x": 35, "y": 12, "direction": "HO", "is_archived": false}}, {"model": "main.parkingspot", "pk": 177, "fields": {"number": 15, "zone": 15, "x": 35, "y": 13, "direction": "HO", "is_archived": false}}, {"model": "main.parkingspot", "pk": 178, "fields": {"number": 16, "zone": 15, "x": 35, "y": 14, "direction": "HO", "is_archived": false}}, {"model": "main.parkingspot", "pk": 179, "fields": {"number": 17, "zone": 15, "x": 35, "y": 15, "direction": "HO", "is_archived": false}}, {"model": "main.parkingspot", "pk": 180, "fields": {"number": 18, "zone": 15, "x": 35, "y": 16, "direction": "HO", "is_archived": false}}, {"model": "main.parkingspot", "pk": 181, "fields": {"number": 19, "zone": 15, "x": 35, "y": 17, "direction": "HO", "is_archived": false}}, {"model": "main.parkingspot", "pk": 182, "fields": {"number": 20, "zone": 15, "x": 35, "y": 18, "direction": "HO", "is_archived": false}}, {"model": "main.parkingspot", "pk": 183, "fields": {"number": 21, "zone": 15, "x": 41, "y": 9, "direction": "HO", "is_archived": true}}, {"model": "main.parkingspot", "pk": 184, "fields": {"number": 22, "zone": 15, "x": 41, "y": 10, "direction": "HO", "is_archived": true}}, {"model": "main.parkingspot", "pk": 185, "fields": {"number": 23, "zone": 15, "x": 41, "y": 11, "direction": "HO", "is_archived": true}}, {"model": "main.parkingspot", "pk": 186, "fields": {"number": 24, "zone": 15, "x": 41, "y": 12, "direction": "HO", "is_archived": true}}, {"model": "main.parkingspot", "pk": 187, "fields": {"number": 25, "zone": 15, "x": 41, "y": 13, "direction": "HO", "is_archived": true}}, {"model": "main.parkingspot", "pk": 188, "fields": {"number": 26, "zone": 15, "x": 41, "y": 14, "direction": "HO", "is_archived": true}}, {"model": "main.parkingspot", "pk": 189, "fields": {"number": 27, "zone": 15, "x": 41, "y": 15, "direction": "HO", "is_archived": true}}, {"model": "main.parkingspot", "pk": 190, "fields": {"number": 28, "zone": 15, "x": 41, "y": 16, "direction": "HO", "is_archived": true}}, {"model": "main.parkingspot", "pk": 191, "fields": {"number": 29, "zone": 15, "x": 41, "y": 17, "direction": "HO", "is_archived": true}}, {"model": "main.parkingspot", "pk": 192, "fields": {"number": 30, "zone": 15, "x": 41, "y": 18, "direction": "HO", "is_archived": true}}, {"model": "main.parkingspot", "pk": 193, "fields": {"number": 31, "zone": 15, "x": 43, "y": 9, "direction": "HO", "is_archived": true}}, {"model": "main.parkingspot", "pk": 194, "fields": {"number": 32, "zone": 15, "x": 43, "y": 10, "direction": "HO", "is_archived": true}}, {"model": "main.parkingspot", "pk": 195, "fields": {"number": 33, "zone": 15, "x": 43, "y": 11, "direction": "HO", "is_archived": true}}, {"model": "main.parkingspot", "pk": 196, "fields": {"number": 34, "zone": 15, "x": 43, "y": 12, "direction": "HO", "is_archived": true}}, {"model": "main.parkingspot", "pk": 197, "fields": {"number": 35, "zone": 15, "x": 43, "y": 13, "direction": "HO", "is_archived": true}}, {"model": "main.parkingspot", "pk": 198, "fields": {"number": 36, "zone": 15, "x": 43, "y": 14, "direction": "HO", "is_archived": true}}, {"model": "main.parkingspot", "pk": 199, "fields": {"number": 37, "zone": 15, "x": 43, "y": 15, "direction": "HO", "is_archived": true}}, {"model": "main.parkingspot", "pk": 200, "fields": {"number": 38, "zone": 15, "x": 43, "y": 16, "direction": "HO", "is_archived": true}}, {"model": "main.parkingspot", "pk": 201, "fields": {"number": 39, "zone": 15, "x": 43, "y": 17, "direction": "HO", "is_archived": true}}, {"model": "main.parkingspot", "pk": 202, "fields": {"number": 40, "zone": 15, "x": 43, "y": 18, "direction": "HO", "is_archived": true}}, {"model": "main.parkingspot", "pk": 203, "fields": {"number": 21, "zone": 15, "x": 41, "y": 9, "direction": "HO", "is_archived": false}}, {"model": "main.parkingspot", "pk": 204, "fields": {"number": 22, "zone": 15, "x": 41, "y": 10, "direction": "HO", "is_archived": false}}, {"model": "main.parkingspot", "pk": 205, "fields": {"number": 23, "zone": 15, "x": 41, "y": 11, "direction": "HO", "is_archived": false}}, {"model": "main.parkingspot", "pk": 206, "fields": {"number": 24, "zone": 15, "x": 41, "y": 12, "direction": "HO", "is_archived": false}}, {"model": "main.parkingspot", "pk": 207, "fields": {"number": 25, "zone": 15, "x": 41, "y": 13, "direction": "HO", "is_archived": false}}, {"model": "main.parkingspot", "pk": 208, "fields": {"number": 26, "zone": 15, "x": 41, "y": 14, "direction": "HO", "is_archived": false}}, {"model": "main.parkingspot", "pk": 209, "fields": {"number": 27, "zone": 15, "x": 41, "y": 15, "direction": "HO", "is_archived": true}}, {"model": "main.parkingspot", "pk": 210, "fields": {"number": 28, "zone": 15, "x": 41, "y": 16, "direction": "HO", "is_archived": true}}, {"model": "main.parkingspot", "pk": 211, "fields": {"number": 29, "zone": 15, "x": 41, "y": 17, "direction": "HO", "is_archived": false}}, {"model": "main.parkingspot", "pk": 212, "fields": {"number": 30, "zone": 15, "x": 41, "y": 18, "direction": "HO", "is_archived": false}}, {"model": "main.parkingspot", "pk": 213, "fields": {"number": 1, "zone": 15, "x": 41, "y": 19, "direction": "HO", "is_archived": false}}, {"model": "main.parkingspot", "pk": 214, "fields": {"number": 2, "zone": 15, "x": 41, "y": 20, "direction": "HO", "is_archived": false}}, {"model": "main.parkingspot", "pk": 215, "fields": {"number": 1, "zone": 16, "x": 29, "y": 16, "direction": "HO", "is_archived": true}}, {"model": "main.parkingspot", "pk": 216, "fields": {"number": 2, "zone": 16, "x": 29, "y": 17, "direction": "HO", "is_archived": true}}, {"model": "main.parkingspot", "pk": 217, "fields": {"number": 3, "zone": 16, "x": 29, "y": 18, "direction": "HO", "is_archived": true}}, {"model": "main.parkingspot", "pk": 218, "fields": {"number": 4, "zone": 16, "x": 29, "y": 19, "direction": "HO", "is_archived": true}}, {"model": "main.parkingspot", "pk": 219, "fields": {"number": 5, "zone": 16, "x": 29, "y": 20, "direction": "HO", "is_archived": true}}, {"model": "main.parkingspot", "pk": 220, "fields": {"number": 1, "zone": 17, "x": 24, "y": 13, "direction": "HO", "is_archived": true}}, {"model": "main.parkingspot", "pk": 221, "fields": {"number": 2, "zone": 17, "x": 24, "y": 14, "direction": "HO", "is_archived": true}}, {"model": "main.parkingspot", "pk": 222, "fields": {"number": 3, "zone": 17, "x": 24, "y": 15, "direction": "HO", "is_archived": true}}, {"model": "main.parkingspot", "pk": 223, "fields": {"number": 4, "zone": 17, "x": 24, "y": 16, "direction": "HO", "is_archived": true}}, {"model": "main.parkingspot", "pk": 224, "fields": {"number": 5, "zone": 17, "x": 24, "y": 17, "direction": "HO", "is_archived": true}}, {"model": "main.parkingspot", "pk": 225, "fields": {"number": 6, "zone": 17, "x": 26, "y": 13, "direction": "HO", "is_archived": true}}, {"model": "main.parkingspot", "pk": 226, "fields": {"number": 7, "zone": 17, "x": 26, "y": 14, "direction": "HO", "is_archived": true}}, {"model": "main.parkingspot", "pk": 227, "fields": {"number": 8, "zone": 17, "x": 26, "y": 15, "direction": "HO", "is_archived": true}}, {"model": "main.parkingspot", "pk": 228, "fields": {"number": 9, "zone": 17, "x": 26, "y": 16, "direction": "HO", "is_archived": true}}, {"model": "main.parkingspot", "pk": 229, "fields": {"number": 10, "zone": 17, "x": 26, "y": 17, "direction": "HO", "is_archived": true}}, {"model": "main.estadoreserva", "pk": 1, "fields": {"nome": "sim"}}, {"model": "main.estadoreserva", "pk": 2, "fields": {"nome": "nao"}}, {"model": "main.modalidadepagamento", "pk": 1, "fields": {"nome": "MBWAY"}}, {"model": "main.periocidade", "pk": 1, "fields": {"start": "2022-05-23T20:00:00", "end": "2022-05-23T22:00:00"}}, {"model": "main.periocidade", "pk": 2, "fields": {"start": "2022-05-23T21:00:30", "end": "2022-05-23T20:00:31"}}, {"model": "main.periocidade", "pk": 3, "fields": {"start": "2022-05-23T22:00:40", "end": "2022-05-23T23:00:42"}}, {"model": "main.periocidade", "pk": 4, "fields": {"start": "2022-05-24T20:01:10", "end": "2022-05-24T21:01:12"}}, {"model": "main.periocidade", "pk": 5, "fields": {"start": "2022-05-24T20:02:09", "end": "2022-05-24T21:02:11"}}, {"model": "main.periocidade", "pk": 6, "fields": {"start": "2022-06-23T20:02:27", "end": "2022-06-23T20:02:28"}}, {"model": "main.periocidade", "pk": 7, "fields": {"start": "2023-05-23T20:02:56", "end": "2023-05-23T20:03:01"}}, {"model": "main.periocidade", "pk": 8, "fields": {"start": "2022-05-23T20:14:34", "end": "2022-05-23T22:14:36"}}, {"model": "main.periocidade", "pk": 9, "fields": {"start": "2022-05-25T18:05:51", "end": "2022-05-25T20:05:52"}}, {"model": "main.periocidade", "pk": 10, "fields": {"start": "2022-05-25T18:06:29", "end": "2022-05-25T20:06:32"}}, {"model": "main.periocidade", "pk": 11, "fields": {"start": "2022-06-09T13:41:40", "end": "2022-06-09T14:41:42"}}, {"model": "main.periocidade", "pk": 12, "fields": {"start": "2022-06-09T16:00:24", "end": "2022-06-09T17:00:25"}}, {"model": "main.periocidade", "pk": 13, "fields": {"start": "2022-06-09T16:00:24", "end": "2022-06-09T17:00:25"}}, {"model": "main.periocidade", "pk": 14, "fields": {"start": "2022-06-09T17:01:34", "end": "2022-06-09T18:01:36"}}, {"model": "main.periocidade", "pk": 15, "fields": {"start": "2022-06-09T19:02:25", "end": "2022-06-09T20:02:27"}}, {"model": "main.periocidade", "pk": 16, "fields": {"start": "2022-06-09T16:38:34", "end": "2022-06-09T17:38:35"}}, {"model": "main.periocidade", "pk": 17, "fields": {"start": "2022-06-09T17:39:17", "end": "2022-06-09T18:39:19"}}, {"model": "main.periocidade", "pk": 18, "fields": {"start": "2022-06-09T19:39:49", "end": "2022-06-09T20:39:51"}}, {"model": "main.periocidade", "pk": 19, "fields": {"start": "2022-06-09T15:40:32", "end": "2022-06-09T17:40:33"}}, {"model": "main.periocidade", "pk": 20, "fields": {"start": "2022-07-12T00:00:00", "end": "2022-07-13T00:00:00"}}, {"model": "main.periocidade", "pk": 21, "fields": {"start": "2022-07-12T00:00:00", "end": "2022-07-13T00:00:00"}}, {"model": "main.periocidade", "pk": 22, "fields": {"start": "2022-07-12T00:00:00", "end": "2022-07-13T00:00:00"}}, {"model": "main.periocidade", "pk": 23, "fields": {"start": "2022-07-12T00:00:00", "end": "2022-07-13T00:00:00"}}, {"model": "main.periocidade", "pk": 24, "fields": {"start": "2022-07-27T00:00:00", "end": "2022-07-28T00:00:00"}}, {"model": "main.periocidade", "pk": 25, "fields": {"start": "2022-07-14T04:20:36", "end": "2022-07-14T04:20:37"}}, {"model": "main.periocidade", "pk": 26, "fields": {"start": "2022-07-07T21:34:24", "end": "2022-07-07T23:55:30"}}, {"model": "main.periocidade", "pk": 27, "fields": {"start": "2022-07-07T23:00:24", "end": "2022-07-07T23:40:26"}}, {"model": "main.periocidade", "pk": 28, "fields": {"start": "2022-07-08T03:28:19", "end": "2022-07-09T03:28:30"}}, {"model": "main.entradassaidas", "pk": 13, "fields": {"periocidadeid": 28, "matriculaviatura": 2, "lugarid": 211}}, {"model": "main.reserva", "pk": 28, "fields": {"contratoid": null, "userid": 4, "matricula": 4, "lugarid": 212, "divida": null, "preco": null, "periocidadeid": 28, "entradassaidasid": null, "estadoreservaid": 1, "criadoem": "2022-07-08T03:28:00", "editadoem": "2022-07-08T03:28:00"}}]