[{"model": "admin.logentry", "pk": 1, "fields": {"action_time": "2022-07-08T06:04:21.250", "user": 1, "content_type": 13, "object_id": "1", "object_repr": "a61207@ualg.pt", "action_flag": 1, "change_message": "[{\"added\": {}}]"}}, {"model": "admin.logentry", "pk": 2, "fields": {"action_time": "2022-07-08T06:04:28.775", "user": 1, "content_type": 15, "object_id": "1", "object_repr": "a61207@ualg.pt", "action_flag": 3, "change_message": ""}}, {"model": "admin.logentry", "pk": 3, "fields": {"action_time": "2022-07-08T07:57:08.672", "user": 1, "content_type": 9, "object_id": "1", "object_repr": "0 0 * * * (m/h/dM/MY/d) UTC", "action_flag": 1, "change_message": "[{\"added\": {}}]"}}, {"model": "admin.logentry", "pk": 4, "fields": {"action_time": "2022-07-08T07:57:15.299", "user": 1, "content_type": 11, "object_id": "1", "object_repr": "Parks Refresh: 0 0 * * * (m/h/dM/MY/d) UTC", "action_flag": 1, "change_message": "[{\"added\": {}}]"}}, {"model": "admin.logentry", "pk": 5, "fields": {"action_time": "2022-07-08T07:59:03.417", "user": 1, "content_type": 9, "object_id": "1", "object_repr": "* * * * * (m/h/dM/MY/d) UTC", "action_flag": 2, "change_message": "[{\"changed\": {\"fields\": [\"Minute(s)\", \"Hour(s)\"]}}]"}}, {"model": "admin.logentry", "pk": 6, "fields": {"action_time": "2022-07-08T07:59:06.357", "user": 1, "content_type": 11, "object_id": "1", "object_repr": "ParksRefresh: * * * * * (m/h/dM/MY/d) UTC", "action_flag": 2, "change_message": "[{\"changed\": {\"fields\": [\"Name\"]}}]"}}, {"model": "admin.logentry", "pk": 7, "fields": {"action_time": "2022-07-08T08:04:57.701", "user": 1, "content_type": 11, "object_id": "3", "object_repr": "arquive_schedule: 0 0 * * * (m/h/dM/MY/d) UTC", "action_flag": 3, "change_message": ""}}, {"model": "admin.logentry", "pk": 8, "fields": {"action_time": "2022-07-08T08:04:57.705", "user": 1, "content_type": 11, "object_id": "2", "object_repr": "celery.backend_cleanup: 0 4 * * * (m/h/dM/MY/d) UTC", "action_flag": 3, "change_message": ""}}, {"model": "admin.logentry", "pk": 9, "fields": {"action_time": "2022-07-08T08:04:57.708", "user": 1, "content_type": 11, "object_id": "1", "object_repr": "ParksRefresh: * * * * * (m/h/dM/MY/d) UTC", "action_flag": 3, "change_message": ""}}, {"model": "auth.permission", "pk": 1, "fields": {"name": "Can add log entry", "content_type": 1, "codename": "add_logentry"}}, {"model": "auth.permission", "pk": 2, "fields": {"name": "Can change log entry", "content_type": 1, "codename": "change_logentry"}}, {"model": "auth.permission", "pk": 3, "fields": {"name": "Can delete log entry", "content_type": 1, "codename": "delete_logentry"}}, {"model": "auth.permission", "pk": 4, "fields": {"name": "Can view log entry", "content_type": 1, "codename": "view_logentry"}}, {"model": "auth.permission", "pk": 5, "fields": {"name": "Can add permission", "content_type": 2, "codename": "add_permission"}}, {"model": "auth.permission", "pk": 6, "fields": {"name": "Can change permission", "content_type": 2, "codename": "change_permission"}}, {"model": "auth.permission", "pk": 7, "fields": {"name": "Can delete permission", "content_type": 2, "codename": "delete_permission"}}, {"model": "auth.permission", "pk": 8, "fields": {"name": "Can view permission", "content_type": 2, "codename": "view_permission"}}, {"model": "auth.permission", "pk": 9, "fields": {"name": "Can add group", "content_type": 3, "codename": "add_group"}}, {"model": "auth.permission", "pk": 10, "fields": {"name": "Can change group", "content_type": 3, "codename": "change_group"}}, {"model": "auth.permission", "pk": 11, "fields": {"name": "Can delete group", "content_type": 3, "codename": "delete_group"}}, {"model": "auth.permission", "pk": 12, "fields": {"name": "Can view group", "content_type": 3, "codename": "view_group"}}, {"model": "auth.permission", "pk": 13, "fields": {"name": "Can add content type", "content_type": 4, "codename": "add_contenttype"}}, {"model": "auth.permission", "pk": 14, "fields": {"name": "Can change content type", "content_type": 4, "codename": "change_contenttype"}}, {"model": "auth.permission", "pk": 15, "fields": {"name": "Can delete content type", "content_type": 4, "codename": "delete_contenttype"}}, {"model": "auth.permission", "pk": 16, "fields": {"name": "Can view content type", "content_type": 4, "codename": "view_contenttype"}}, {"model": "auth.permission", "pk": 17, "fields": {"name": "Can add session", "content_type": 5, "codename": "add_session"}}, {"model": "auth.permission", "pk": 18, "fields": {"name": "Can change session", "content_type": 5, "codename": "change_session"}}, {"model": "auth.permission", "pk": 19, "fields": {"name": "Can delete session", "content_type": 5, "codename": "delete_session"}}, {"model": "auth.permission", "pk": 20, "fields": {"name": "Can view session", "content_type": 5, "codename": "view_session"}}, {"model": "auth.permission", "pk": 21, "fields": {"name": "Can add solar event", "content_type": 6, "codename": "add_solarschedule"}}, {"model": "auth.permission", "pk": 22, "fields": {"name": "Can change solar event", "content_type": 6, "codename": "change_solarschedule"}}, {"model": "auth.permission", "pk": 23, "fields": {"name": "Can delete solar event", "content_type": 6, "codename": "delete_solarschedule"}}, {"model": "auth.permission", "pk": 24, "fields": {"name": "Can view solar event", "content_type": 6, "codename": "view_solarschedule"}}, {"model": "auth.permission", "pk": 25, "fields": {"name": "Can add interval", "content_type": 7, "codename": "add_intervalschedule"}}, {"model": "auth.permission", "pk": 26, "fields": {"name": "Can change interval", "content_type": 7, "codename": "change_intervalschedule"}}, {"model": "auth.permission", "pk": 27, "fields": {"name": "Can delete interval", "content_type": 7, "codename": "delete_intervalschedule"}}, {"model": "auth.permission", "pk": 28, "fields": {"name": "Can view interval", "content_type": 7, "codename": "view_intervalschedule"}}, {"model": "auth.permission", "pk": 29, "fields": {"name": "Can add clocked", "content_type": 8, "codename": "add_clockedschedule"}}, {"model": "auth.permission", "pk": 30, "fields": {"name": "Can change clocked", "content_type": 8, "codename": "change_clockedschedule"}}, {"model": "auth.permission", "pk": 31, "fields": {"name": "Can delete clocked", "content_type": 8, "codename": "delete_clockedschedule"}}, {"model": "auth.permission", "pk": 32, "fields": {"name": "Can view clocked", "content_type": 8, "codename": "view_clockedschedule"}}, {"model": "auth.permission", "pk": 33, "fields": {"name": "Can add crontab", "content_type": 9, "codename": "add_crontabschedule"}}, {"model": "auth.permission", "pk": 34, "fields": {"name": "Can change crontab", "content_type": 9, "codename": "change_crontabschedule"}}, {"model": "auth.permission", "pk": 35, "fields": {"name": "Can delete crontab", "content_type": 9, "codename": "delete_crontabschedule"}}, {"model": "auth.permission", "pk": 36, "fields": {"name": "Can view crontab", "content_type": 9, "codename": "view_crontabschedule"}}, {"model": "auth.permission", "pk": 37, "fields": {"name": "Can add periodic tasks", "content_type": 10, "codename": "add_periodictasks"}}, {"model": "auth.permission", "pk": 38, "fields": {"name": "Can change periodic tasks", "content_type": 10, "codename": "change_periodictasks"}}, {"model": "auth.permission", "pk": 39, "fields": {"name": "Can delete periodic tasks", "content_type": 10, "codename": "delete_periodictasks"}}, {"model": "auth.permission", "pk": 40, "fields": {"name": "Can view periodic tasks", "content_type": 10, "codename": "view_periodictasks"}}, {"model": "auth.permission", "pk": 41, "fields": {"name": "Can add periodic task", "content_type": 11, "codename": "add_periodictask"}}, {"model": "auth.permission", "pk": 42, "fields": {"name": "Can change periodic task", "content_type": 11, "codename": "change_periodictask"}}, {"model": "auth.permission", "pk": 43, "fields": {"name": "Can delete periodic task", "content_type": 11, "codename": "delete_periodictask"}}, {"model": "auth.permission", "pk": 44, "fields": {"name": "Can view periodic task", "content_type": 11, "codename": "view_periodictask"}}, {"model": "auth.permission", "pk": 45, "fields": {"name": "Can add user", "content_type": 12, "codename": "add_user"}}, {"model": "auth.permission", "pk": 46, "fields": {"name": "Can change user", "content_type": 12, "codename": "change_user"}}, {"model": "auth.permission", "pk": 47, "fields": {"name": "Can delete user", "content_type": 12, "codename": "delete_user"}}, {"model": "auth.permission", "pk": 48, "fields": {"name": "Can view user", "content_type": 12, "codename": "view_user"}}, {"model": "auth.permission", "pk": 49, "fields": {"name": "Can add administrator", "content_type": 13, "codename": "add_administrator"}}, {"model": "auth.permission", "pk": 50, "fields": {"name": "Can change administrator", "content_type": 13, "codename": "change_administrator"}}, {"model": "auth.permission", "pk": 51, "fields": {"name": "Can delete administrator", "content_type": 13, "codename": "delete_administrator"}}, {"model": "auth.permission", "pk": 52, "fields": {"name": "Can view administrator", "content_type": 13, "codename": "view_administrator"}}, {"model": "auth.permission", "pk": 53, "fields": {"name": "Can add employee", "content_type": 14, "codename": "add_employee"}}, {"model": "auth.permission", "pk": 54, "fields": {"name": "Can change employee", "content_type": 14, "codename": "change_employee"}}, {"model": "auth.permission", "pk": 55, "fields": {"name": "Can delete employee", "content_type": 14, "codename": "delete_employee"}}, {"model": "auth.permission", "pk": 56, "fields": {"name": "Can view employee", "content_type": 14, "codename": "view_employee"}}, {"model": "auth.permission", "pk": 57, "fields": {"name": "Can add client", "content_type": 15, "codename": "add_client"}}, {"model": "auth.permission", "pk": 58, "fields": {"name": "Can change client", "content_type": 15, "codename": "change_client"}}, {"model": "auth.permission", "pk": 59, "fields": {"name": "Can delete client", "content_type": 15, "codename": "delete_client"}}, {"model": "auth.permission", "pk": 60, "fields": {"name": "Can view client", "content_type": 15, "codename": "view_client"}}, {"model": "auth.permission", "pk": 61, "fields": {"name": "Can add car", "content_type": 16, "codename": "add_car"}}, {"model": "auth.permission", "pk": 62, "fields": {"name": "Can change car", "content_type": 16, "codename": "change_car"}}, {"model": "auth.permission", "pk": 63, "fields": {"name": "Can delete car", "content_type": 16, "codename": "delete_car"}}, {"model": "auth.permission", "pk": 64, "fields": {"name": "Can view car", "content_type": 16, "codename": "view_car"}}, {"model": "auth.permission", "pk": 65, "fields": {"name": "Can add notification", "content_type": 17, "codename": "add_notification"}}, {"model": "auth.permission", "pk": 66, "fields": {"name": "Can change notification", "content_type": 17, "codename": "change_notification"}}, {"model": "auth.permission", "pk": 67, "fields": {"name": "Can delete notification", "content_type": 17, "codename": "delete_notification"}}, {"model": "auth.permission", "pk": 68, "fields": {"name": "Can view notification", "content_type": 17, "codename": "view_notification"}}, {"model": "auth.permission", "pk": 69, "fields": {"name": "Can add role request", "content_type": 18, "codename": "add_rolerequest"}}, {"model": "auth.permission", "pk": 70, "fields": {"name": "Can change role request", "content_type": 18, "codename": "change_rolerequest"}}, {"model": "auth.permission", "pk": 71, "fields": {"name": "Can delete role request", "content_type": 18, "codename": "delete_rolerequest"}}, {"model": "auth.permission", "pk": 72, "fields": {"name": "Can view role request", "content_type": 18, "codename": "view_rolerequest"}}, {"model": "auth.permission", "pk": 73, "fields": {"name": "Can add time period", "content_type": 19, "codename": "add_timeperiod"}}, {"model": "auth.permission", "pk": 74, "fields": {"name": "Can change time period", "content_type": 19, "codename": "change_timeperiod"}}, {"model": "auth.permission", "pk": 75, "fields": {"name": "Can delete time period", "content_type": 19, "codename": "delete_timeperiod"}}, {"model": "auth.permission", "pk": 76, "fields": {"name": "Can view time period", "content_type": 19, "codename": "view_timeperiod"}}, {"model": "auth.permission", "pk": 77, "fields": {"name": "Can add date period", "content_type": 20, "codename": "add_dateperiod"}}, {"model": "auth.permission", "pk": 78, "fields": {"name": "Can change date period", "content_type": 20, "codename": "change_dateperiod"}}, {"model": "auth.permission", "pk": 79, "fields": {"name": "Can delete date period", "content_type": 20, "codename": "delete_dateperiod"}}, {"model": "auth.permission", "pk": 80, "fields": {"name": "Can view date period", "content_type": 20, "codename": "view_dateperiod"}}, {"model": "auth.permission", "pk": 81, "fields": {"name": "Can add park", "content_type": 21, "codename": "add_park"}}, {"model": "auth.permission", "pk": 82, "fields": {"name": "Can change park", "content_type": 21, "codename": "change_park"}}, {"model": "auth.permission", "pk": 83, "fields": {"name": "Can delete park", "content_type": 21, "codename": "delete_park"}}, {"model": "auth.permission", "pk": 84, "fields": {"name": "Can view park", "content_type": 21, "codename": "view_park"}}, {"model": "auth.permission", "pk": 85, "fields": {"name": "Can add price table", "content_type": 22, "codename": "add_pricetable"}}, {"model": "auth.permission", "pk": 86, "fields": {"name": "Can change price table", "content_type": 22, "codename": "change_pricetable"}}, {"model": "auth.permission", "pk": 87, "fields": {"name": "Can delete price table", "content_type": 22, "codename": "delete_pricetable"}}, {"model": "auth.permission", "pk": 88, "fields": {"name": "Can view price table", "content_type": 22, "codename": "view_pricetable"}}, {"model": "auth.permission", "pk": 89, "fields": {"name": "Can add price type", "content_type": 23, "codename": "add_pricetype"}}, {"model": "auth.permission", "pk": 90, "fields": {"name": "Can change price type", "content_type": 23, "codename": "change_pricetype"}}, {"model": "auth.permission", "pk": 91, "fields": {"name": "Can delete price type", "content_type": 23, "codename": "delete_pricetype"}}, {"model": "auth.permission", "pk": 92, "fields": {"name": "Can view price type", "content_type": 23, "codename": "view_pricetype"}}, {"model": "auth.permission", "pk": 93, "fields": {"name": "Can add week schedule", "content_type": 24, "codename": "add_weekschedule"}}, {"model": "auth.permission", "pk": 94, "fields": {"name": "Can change week schedule", "content_type": 24, "codename": "change_weekschedule"}}, {"model": "auth.permission", "pk": 95, "fields": {"name": "Can delete week schedule", "content_type": 24, "codename": "delete_weekschedule"}}, {"model": "auth.permission", "pk": 96, "fields": {"name": "Can view week schedule", "content_type": 24, "codename": "view_weekschedule"}}, {"model": "auth.permission", "pk": 97, "fields": {"name": "Can add layout line", "content_type": 25, "codename": "add_layoutline"}}, {"model": "auth.permission", "pk": 98, "fields": {"name": "Can change layout line", "content_type": 25, "codename": "change_layoutline"}}, {"model": "auth.permission", "pk": 99, "fields": {"name": "Can delete layout line", "content_type": 25, "codename": "delete_layoutline"}}, {"model": "auth.permission", "pk": 100, "fields": {"name": "Can view layout line", "content_type": 25, "codename": "view_layoutline"}}, {"model": "auth.permission", "pk": 101, "fields": {"name": "Can add zone", "content_type": 26, "codename": "add_zone"}}, {"model": "auth.permission", "pk": 102, "fields": {"name": "Can change zone", "content_type": 26, "codename": "change_zone"}}, {"model": "auth.permission", "pk": 103, "fields": {"name": "Can delete zone", "content_type": 26, "codename": "delete_zone"}}, {"model": "auth.permission", "pk": 104, "fields": {"name": "Can view zone", "content_type": 26, "codename": "view_zone"}}, {"model": "auth.permission", "pk": 105, "fields": {"name": "Can add parking spot", "content_type": 27, "codename": "add_parkingspot"}}, {"model": "auth.permission", "pk": 106, "fields": {"name": "Can change parking spot", "content_type": 27, "codename": "change_parkingspot"}}, {"model": "auth.permission", "pk": 107, "fields": {"name": "Can delete parking spot", "content_type": 27, "codename": "delete_parkingspot"}}, {"model": "auth.permission", "pk": 108, "fields": {"name": "Can view parking spot", "content_type": 27, "codename": "view_parkingspot"}}, {"model": "auth.permission", "pk": 109, "fields": {"name": "Can add estadoreserva", "content_type": 28, "codename": "add_estadoreserva"}}, {"model": "auth.permission", "pk": 110, "fields": {"name": "Can change estadoreserva", "content_type": 28, "codename": "change_estadoreserva"}}, {"model": "auth.permission", "pk": 111, "fields": {"name": "Can delete estadoreserva", "content_type": 28, "codename": "delete_estadoreserva"}}, {"model": "auth.permission", "pk": 112, "fields": {"name": "Can view estadoreserva", "content_type": 28, "codename": "view_estadoreserva"}}, {"model": "auth.permission", "pk": 113, "fields": {"name": "Can add modalidadepagamento", "content_type": 29, "codename": "add_modalidadepagamento"}}, {"model": "auth.permission", "pk": 114, "fields": {"name": "Can change modalidadepagamento", "content_type": 29, "codename": "change_modalidadepagamento"}}, {"model": "auth.permission", "pk": 115, "fields": {"name": "Can delete modalidadepagamento", "content_type": 29, "codename": "delete_modalidadepagamento"}}, {"model": "auth.permission", "pk": 116, "fields": {"name": "Can view modalidadepagamento", "content_type": 29, "codename": "view_modalidadepagamento"}}, {"model": "auth.permission", "pk": 117, "fields": {"name": "Can add periocidade", "content_type": 30, "codename": "add_periocidade"}}, {"model": "auth.permission", "pk": 118, "fields": {"name": "Can change periocidade", "content_type": 30, "codename": "change_periocidade"}}, {"model": "auth.permission", "pk": 119, "fields": {"name": "Can delete periocidade", "content_type": 30, "codename": "delete_periocidade"}}, {"model": "auth.permission", "pk": 120, "fields": {"name": "Can view periocidade", "content_type": 30, "codename": "view_periocidade"}}, {"model": "auth.permission", "pk": 121, "fields": {"name": "Can add contrato", "content_type": 31, "codename": "add_contrato"}}, {"model": "auth.permission", "pk": 122, "fields": {"name": "Can change contrato", "content_type": 31, "codename": "change_contrato"}}, {"model": "auth.permission", "pk": 123, "fields": {"name": "Can delete contrato", "content_type": 31, "codename": "delete_contrato"}}, {"model": "auth.permission", "pk": 124, "fields": {"name": "Can view contrato", "content_type": 31, "codename": "view_contrato"}}, {"model": "auth.permission", "pk": 125, "fields": {"name": "Can add entradas saidas", "content_type": 32, "codename": "add_entradassaidas"}}, {"model": "auth.permission", "pk": 126, "fields": {"name": "Can change entradas saidas", "content_type": 32, "codename": "change_entradassaidas"}}, {"model": "auth.permission", "pk": 127, "fields": {"name": "Can delete entradas saidas", "content_type": 32, "codename": "delete_entradassaidas"}}, {"model": "auth.permission", "pk": 128, "fields": {"name": "Can view entradas saidas", "content_type": 32, "codename": "view_entradassaidas"}}, {"model": "auth.permission", "pk": 129, "fields": {"name": "Can add reserva", "content_type": 33, "codename": "add_reserva"}}, {"model": "auth.permission", "pk": 130, "fields": {"name": "Can change reserva", "content_type": 33, "codename": "change_reserva"}}, {"model": "auth.permission", "pk": 131, "fields": {"name": "Can delete reserva", "content_type": 33, "codename": "delete_reserva"}}, {"model": "auth.permission", "pk": 132, "fields": {"name": "Can view reserva", "content_type": 33, "codename": "view_reserva"}}, {"model": "auth.permission", "pk": 133, "fields": {"name": "Can add estadocontrato", "content_type": 34, "codename": "add_estadocontrato"}}, {"model": "auth.permission", "pk": 134, "fields": {"name": "Can change estadocontrato", "content_type": 34, "codename": "change_estadocontrato"}}, {"model": "auth.permission", "pk": 135, "fields": {"name": "Can delete estadocontrato", "content_type": 34, "codename": "delete_estadocontrato"}}, {"model": "auth.permission", "pk": 136, "fields": {"name": "Can view estadocontrato", "content_type": 34, "codename": "view_estadocontrato"}}, {"model": "auth.permission", "pk": 137, "fields": {"name": "Can add factura recibo", "content_type": 35, "codename": "add_facturarecibo"}}, {"model": "auth.permission", "pk": 138, "fields": {"name": "Can change factura recibo", "content_type": 35, "codename": "change_facturarecibo"}}, {"model": "auth.permission", "pk": 139, "fields": {"name": "Can delete factura recibo", "content_type": 35, "codename": "delete_facturarecibo"}}, {"model": "auth.permission", "pk": 140, "fields": {"name": "Can view factura recibo", "content_type": 35, "codename": "view_facturarecibo"}}, {"model": "auth.permission", "pk": 141, "fields": {"name": "Can add reclamacao", "content_type": 36, "codename": "add_reclamacao"}}, {"model": "auth.permission", "pk": 142, "fields": {"name": "Can change reclamacao", "content_type": 36, "codename": "change_reclamacao"}}, {"model": "auth.permission", "pk": 143, "fields": {"name": "Can delete reclamacao", "content_type": 36, "codename": "delete_reclamacao"}}, {"model": "auth.permission", "pk": 144, "fields": {"name": "Can view reclamacao", "content_type": 36, "codename": "view_reclamacao"}}, {"model": "contenttypes.contenttype", "pk": 1, "fields": {"app_label": "admin", "model": "logentry"}}, {"model": "contenttypes.contenttype", "pk": 2, "fields": {"app_label": "auth", "model": "permission"}}, {"model": "contenttypes.contenttype", "pk": 3, "fields": {"app_label": "auth", "model": "group"}}, {"model": "contenttypes.contenttype", "pk": 4, "fields": {"app_label": "contenttypes", "model": "contenttype"}}, {"model": "contenttypes.contenttype", "pk": 5, "fields": {"app_label": "sessions", "model": "session"}}, {"model": "contenttypes.contenttype", "pk": 6, "fields": {"app_label": "django_celery_beat", "model": "solarschedule"}}, {"model": "contenttypes.contenttype", "pk": 7, "fields": {"app_label": "django_celery_beat", "model": "intervalschedule"}}, {"model": "contenttypes.contenttype", "pk": 8, "fields": {"app_label": "django_celery_beat", "model": "clockedschedule"}}, {"model": "contenttypes.contenttype", "pk": 9, "fields": {"app_label": "django_celery_beat", "model": "crontabschedule"}}, {"model": "contenttypes.contenttype", "pk": 10, "fields": {"app_label": "django_celery_beat", "model": "periodictasks"}}, {"model": "contenttypes.contenttype", "pk": 11, "fields": {"app_label": "django_celery_beat", "model": "periodictask"}}, {"model": "contenttypes.contenttype", "pk": 12, "fields": {"app_label": "main", "model": "user"}}, {"model": "contenttypes.contenttype", "pk": 13, "fields": {"app_label": "main", "model": "administrator"}}, {"model": "contenttypes.contenttype", "pk": 14, "fields": {"app_label": "main", "model": "employee"}}, {"model": "contenttypes.contenttype", "pk": 15, "fields": {"app_label": "main", "model": "client"}}, {"model": "contenttypes.contenttype", "pk": 16, "fields": {"app_label": "main", "model": "car"}}, {"model": "contenttypes.contenttype", "pk": 17, "fields": {"app_label": "main", "model": "notification"}}, {"model": "contenttypes.contenttype", "pk": 18, "fields": {"app_label": "main", "model": "rolerequest"}}, {"model": "contenttypes.contenttype", "pk": 19, "fields": {"app_label": "main", "model": "timeperiod"}}, {"model": "contenttypes.contenttype", "pk": 20, "fields": {"app_label": "main", "model": "dateperiod"}}, {"model": "contenttypes.contenttype", "pk": 21, "fields": {"app_label": "main", "model": "park"}}, {"model": "contenttypes.contenttype", "pk": 22, "fields": {"app_label": "main", "model": "pricetable"}}, {"model": "contenttypes.contenttype", "pk": 23, "fields": {"app_label": "main", "model": "pricetype"}}, {"model": "contenttypes.contenttype", "pk": 24, "fields": {"app_label": "main", "model": "weekschedule"}}, {"model": "contenttypes.contenttype", "pk": 25, "fields": {"app_label": "main", "model": "layoutline"}}, {"model": "contenttypes.contenttype", "pk": 26, "fields": {"app_label": "main", "model": "zone"}}, {"model": "contenttypes.contenttype", "pk": 27, "fields": {"app_label": "main", "model": "parkingspot"}}, {"model": "contenttypes.contenttype", "pk": 28, "fields": {"app_label": "main", "model": "estadoreserva"}}, {"model": "contenttypes.contenttype", "pk": 29, "fields": {"app_label": "main", "model": "modalidadepagamento"}}, {"model": "contenttypes.contenttype", "pk": 30, "fields": {"app_label": "main", "model": "periocidade"}}, {"model": "contenttypes.contenttype", "pk": 31, "fields": {"app_label": "main", "model": "contrato"}}, {"model": "contenttypes.contenttype", "pk": 32, "fields": {"app_label": "main", "model": "entradassaidas"}}, {"model": "contenttypes.contenttype", "pk": 33, "fields": {"app_label": "main", "model": "reserva"}}, {"model": "contenttypes.contenttype", "pk": 34, "fields": {"app_label": "main", "model": "estadocontrato"}}, {"model": "contenttypes.contenttype", "pk": 35, "fields": {"app_label": "main", "model": "facturarecibo"}}, {"model": "contenttypes.contenttype", "pk": 36, "fields": {"app_label": "main", "model": "reclamacao"}}, {"model": "sessions.session", "pk": "ys8tu29thuglwl067n6gi4wfh49evq4e", "fields": {"session_data": ".eJxVjMEOwiAQRP-FsyFLCwgevfcbCOyuUjWQlPZk_Hdp0oOeJnnzZt4ixG3NYWu8hJnERShx-mUp4pPLXtAjlnuVWMu6zEnuijzaJqdK_Loe7t9Bji33NTvjbwrIMkfUQKg9IqMZkx97KId8JkuGnDYwxG5CokFbBx2DBfH5AggGOCk:1o9hs9:IQNPi39AZWkFenK88Ijn2kkdpx63UKb1Vx8twGtOpKo", "expire_date": "2022-07-22T07:53:53.853"}}, {"model": "django_celery_beat.crontabschedule", "pk": 1, "fields": {"minute": "*", "hour": "*", "day_of_week": "*", "day_of_month": "*", "month_of_year": "*", "timezone": "UTC"}}, {"model": "django_celery_beat.crontabschedule", "pk": 2, "fields": {"minute": "0", "hour": "4", "day_of_week": "*", "day_of_month": "*", "month_of_year": "*", "timezone": "UTC"}}, {"model": "django_celery_beat.crontabschedule", "pk": 3, "fields": {"minute": "0", "hour": "0", "day_of_week": "*", "day_of_month": "*", "month_of_year": "*", "timezone": "UTC"}}, {"model": "django_celery_beat.periodictasks", "pk": 1, "fields": {"last_update": "2022-07-08T08:06:11.806"}}, {"model": "django_celery_beat.periodictask", "pk": 4, "fields": {"name": "celery.backend_cleanup", "task": "celery.backend_cleanup", "interval": null, "crontab": 2, "solar": null, "clocked": null, "args": "[]", "kwargs": "{}", "queue": null, "exchange": null, "routing_key": null, "headers": "{}", "priority": null, "expires": null, "expire_seconds": 43200, "one_off": false, "start_time": null, "enabled": true, "last_run_at": null, "total_run_count": 0, "date_changed": "2022-07-08T08:06:11.791", "description": ""}}, {"model": "django_celery_beat.periodictask", "pk": 5, "fields": {"name": "arquive_schedule", "task": "parks.tasks.refresh_schedules", "interval": null, "crontab": 3, "solar": null, "clocked": null, "args": "[]", "kwargs": "{}", "queue": null, "exchange": null, "routing_key": null, "headers": "{}", "priority": null, "expires": null, "expire_seconds": null, "one_off": false, "start_time": null, "enabled": true, "last_run_at": null, "total_run_count": 0, "date_changed": "2022-07-08T08:06:11.807", "description": ""}}, {"model": "main.user", "pk": 1, "fields": {"password": "pbkdf2_sha256$320000$RkqkEhkBV9TeVt0uHgIVnW$xsLg+EQlv2EL3+af2WGGcrMjcuJzZz0GniK5AwYkAYo=", "last_login": "2022-07-08T07:53:53.849", "is_superuser": true, "username": "a61207@ualg.pt", "first_name": "Admin", "last_name": "", "is_staff": true, "is_active": true, "date_joined": "2022-07-08T05:58:36.498", "email": "a61207@ualg.pt", "groups": [], "user_permissions": []}}, {"model": "main.administrator", "pk": 1, "fields": {"user": 1}}, {"model": "main.timeperiod", "pk": 1, "fields": {"start": "09:00:00", "end": "17:30:00"}}, {"model": "main.timeperiod", "pk": 2, "fields": {"start": "09:00:00", "end": "17:30:00"}}, {"model": "main.timeperiod", "pk": 3, "fields": {"start": "09:00:00", "end": "17:30:00"}}, {"model": "main.timeperiod", "pk": 4, "fields": {"start": "09:00:00", "end": "17:30:00"}}, {"model": "main.timeperiod", "pk": 5, "fields": {"start": "09:00:00", "end": "17:30:00"}}, {"model": "main.timeperiod", "pk": 6, "fields": {"start": null, "end": null}}, {"model": "main.timeperiod", "pk": 7, "fields": {"start": null, "end": null}}, {"model": "main.timeperiod", "pk": 8, "fields": {"start": "00:00:00", "end": "23:59:00"}}, {"model": "main.timeperiod", "pk": 9, "fields": {"start": "00:00:00", "end": "23:59:00"}}, {"model": "main.timeperiod", "pk": 10, "fields": {"start": "00:00:00", "end": "23:59:00"}}, {"model": "main.timeperiod", "pk": 11, "fields": {"start": "00:00:00", "end": "23:59:00"}}, {"model": "main.timeperiod", "pk": 12, "fields": {"start": "00:00:00", "end": "23:59:00"}}, {"model": "main.timeperiod", "pk": 13, "fields": {"start": "00:00:00", "end": "23:59:00"}}, {"model": "main.timeperiod", "pk": 14, "fields": {"start": "00:00:00", "end": "23:59:00"}}, {"model": "main.dateperiod", "pk": 1, "fields": {"start_date": "2022-07-08", "end_date": "2022-08-05"}}, {"model": "main.dateperiod", "pk": 2, "fields": {"start_date": "2022-07-08", "end_date": "2022-08-05"}}, {"model": "main.dateperiod", "pk": 3, "fields": {"start_date": "2022-07-08", "end_date": "2022-08-05"}}, {"model": "main.dateperiod", "pk": 4, "fields": {"start_date": "2022-07-08", "end_date": "2022-08-05"}}, {"model": "main.park", "pk": 1, "fields": {"name": "Ualg Gambelas", "address": "Campus de Gambelas", "postal_code": "8005-139", "city": "Faro", "typology": "SF", "map_html": "<iframe src=\"https://www.google.com/maps/embed?pb=!1m18!1m12!1m3!1d6369.193534405156!2d-7.98000068708206!3d37.04325971877625!2m3!1f0!2f0!3f0!3m2!1i1024!2i768!4f13.1!3m3!1m2!1s0xd1ab2bb266cd275%3A0x8f43164074111231!2sUniversidade%20do%20Algarve%20-%20Campus%20de%20Gambelas!5e0!3m2!1spt-PT!2spt!4v1657256770556!5m2!1spt-PT!2spt\" width=\"600\" height=\"450\" style=\"border:0;\" allowfullscreen=\"\" loading=\"lazy\" referrerpolicy=\"no-referrer-when-downgrade\"></iframe>", "is_open": true, "is_archived": false, "created": "2022-07-08T06:06:45.876", "updated": "2022-07-08T06:06:45.876", "admin": 1}}, {"model": "main.park", "pk": 2, "fields": {"name": "Aeroporto de Faro", "address": "R. Jose Dias Rato", "postal_code": "8005-277", "city": "Faro", "typology": "SF", "map_html": "<iframe src=\"https://www.google.com/maps/embed?pb=!1m18!1m12!1m3!1d986.0666149497395!2d-7.964126641278077!3d37.02708600000002!2m3!1f0!2f0!3f0!3m2!1i1024!2i768!4f13.1!3m3!1m2!1s0xd054de28765497d%3A0x8da2c7f3c11a4a74!2sAirpark%20-%20estacionamento%20Aeroporto%20de%20Faro!5e1!3m2!1spt-PT!2spt!4v1657257409665!5m2!1spt-PT!2spt\" width=\"600\" height=\"450\" style=\"border:0;\" allowfullscreen=\"\" loading=\"lazy\" referrerpolicy=\"no-referrer-when-downgrade\"></iframe>", "is_open": true, "is_archived": false, "created": "2022-07-08T06:17:30.253", "updated": "2022-07-08T06:17:30.253", "admin": 1}}, {"model": "main.pricetable", "pk": 1, "fields": {"deadline": 2, "archived": false, "park": 1}}, {"model": "main.pricetable", "pk": 2, "fields": {"deadline": 4, "archived": false, "park": 2}}, {"model": "main.pricetype", "pk": 1, "fields": {"minutes": 0, "hours": 24, "total": "0.00", "type": "NO", "table": 1}}, {"model": "main.pricetype", "pk": 2, "fields": {"minutes": 0, "hours": 0, "total": "10.00", "type": "NO", "table": 2}}, {"model": "main.weekschedule", "pk": 1, "fields": {"deadline": 1, "monday": 1, "tuesday": 2, "wednesday": 3, "thursday": 4, "friday": 5, "saturday": 6, "sunday": 7, "archived": false, "park": 1}}, {"model": "main.weekschedule", "pk": 2, "fields": {"deadline": 3, "monday": 8, "tuesday": 9, "wednesday": 10, "thursday": 11, "friday": 12, "saturday": 13, "sunday": 14, "archived": false, "park": 2}}, {"model": "main.zone", "pk": 1, "fields": {"name": "CCMAR", "park": 1, "is_archived": false, "is_open": true}}, {"model": "main.zone", "pk": 2, "fields": {"name": "CP1", "park": 1, "is_archived": false, "is_open": true}}, {"model": "main.zone", "pk": 3, "fields": {"name": "Outside", "park": 2, "is_archived": false, "is_open": true}}, {"model": "main.parkingspot", "pk": 1, "fields": {"number": 1, "zone": 1, "x": 7, "y": 3, "direction": "HO", "is_archived": false}}, {"model": "main.parkingspot", "pk": 2, "fields": {"number": 2, "zone": 1, "x": 7, "y": 4, "direction": "HO", "is_archived": false}}, {"model": "main.parkingspot", "pk": 3, "fields": {"number": 3, "zone": 1, "x": 7, "y": 5, "direction": "HO", "is_archived": false}}, {"model": "main.parkingspot", "pk": 4, "fields": {"number": 4, "zone": 1, "x": 7, "y": 6, "direction": "HO", "is_archived": false}}, {"model": "main.parkingspot", "pk": 5, "fields": {"number": 5, "zone": 1, "x": 7, "y": 7, "direction": "HO", "is_archived": false}}, {"model": "main.parkingspot", "pk": 6, "fields": {"number": 6, "zone": 1, "x": 7, "y": 8, "direction": "HO", "is_archived": false}}, {"model": "main.parkingspot", "pk": 7, "fields": {"number": 7, "zone": 1, "x": 7, "y": 9, "direction": "HO", "is_archived": false}}, {"model": "main.parkingspot", "pk": 8, "fields": {"number": 8, "zone": 1, "x": 7, "y": 10, "direction": "HO", "is_archived": false}}, {"model": "main.parkingspot", "pk": 9, "fields": {"number": 9, "zone": 1, "x": 7, "y": 11, "direction": "HO", "is_archived": false}}, {"model": "main.parkingspot", "pk": 10, "fields": {"number": 10, "zone": 1, "x": 7, "y": 12, "direction": "HO", "is_archived": false}}, {"model": "main.parkingspot", "pk": 11, "fields": {"number": 11, "zone": 1, "x": 7, "y": 13, "direction": "HO", "is_archived": false}}, {"model": "main.parkingspot", "pk": 12, "fields": {"number": 12, "zone": 1, "x": 7, "y": 14, "direction": "HO", "is_archived": false}}, {"model": "main.parkingspot", "pk": 13, "fields": {"number": 13, "zone": 1, "x": 7, "y": 15, "direction": "HO", "is_archived": false}}, {"model": "main.parkingspot", "pk": 14, "fields": {"number": 14, "zone": 1, "x": 7, "y": 16, "direction": "HO", "is_archived": false}}, {"model": "main.parkingspot", "pk": 15, "fields": {"number": 15, "zone": 1, "x": 12, "y": 3, "direction": "HO", "is_archived": false}}, {"model": "main.parkingspot", "pk": 16, "fields": {"number": 16, "zone": 1, "x": 12, "y": 4, "direction": "HO", "is_archived": false}}, {"model": "main.parkingspot", "pk": 17, "fields": {"number": 17, "zone": 1, "x": 12, "y": 5, "direction": "HO", "is_archived": false}}, {"model": "main.parkingspot", "pk": 18, "fields": {"number": 18, "zone": 1, "x": 12, "y": 6, "direction": "HO", "is_archived": false}}, {"model": "main.parkingspot", "pk": 19, "fields": {"number": 19, "zone": 1, "x": 12, "y": 7, "direction": "HO", "is_archived": false}}, {"model": "main.parkingspot", "pk": 20, "fields": {"number": 20, "zone": 1, "x": 12, "y": 8, "direction": "HO", "is_archived": false}}, {"model": "main.parkingspot", "pk": 21, "fields": {"number": 21, "zone": 1, "x": 12, "y": 9, "direction": "HO", "is_archived": false}}, {"model": "main.parkingspot", "pk": 22, "fields": {"number": 22, "zone": 1, "x": 12, "y": 10, "direction": "HO", "is_archived": false}}, {"model": "main.parkingspot", "pk": 23, "fields": {"number": 23, "zone": 1, "x": 12, "y": 11, "direction": "HO", "is_archived": false}}, {"model": "main.parkingspot", "pk": 24, "fields": {"number": 24, "zone": 1, "x": 12, "y": 12, "direction": "HO", "is_archived": false}}, {"model": "main.parkingspot", "pk": 25, "fields": {"number": 25, "zone": 1, "x": 12, "y": 13, "direction": "HO", "is_archived": false}}, {"model": "main.parkingspot", "pk": 26, "fields": {"number": 26, "zone": 1, "x": 12, "y": 14, "direction": "HO", "is_archived": false}}, {"model": "main.parkingspot", "pk": 27, "fields": {"number": 27, "zone": 1, "x": 12, "y": 15, "direction": "HO", "is_archived": false}}, {"model": "main.parkingspot", "pk": 28, "fields": {"number": 28, "zone": 1, "x": 12, "y": 16, "direction": "HO", "is_archived": false}}, {"model": "main.parkingspot", "pk": 29, "fields": {"number": 29, "zone": 1, "x": 14, "y": 3, "direction": "HO", "is_archived": false}}, {"model": "main.parkingspot", "pk": 30, "fields": {"number": 30, "zone": 1, "x": 14, "y": 4, "direction": "HO", "is_archived": false}}, {"model": "main.parkingspot", "pk": 31, "fields": {"number": 31, "zone": 1, "x": 14, "y": 5, "direction": "HO", "is_archived": false}}, {"model": "main.parkingspot", "pk": 32, "fields": {"number": 32, "zone": 1, "x": 14, "y": 6, "direction": "HO", "is_archived": false}}, {"model": "main.parkingspot", "pk": 33, "fields": {"number": 33, "zone": 1, "x": 14, "y": 7, "direction": "HO", "is_archived": false}}, {"model": "main.parkingspot", "pk": 34, "fields": {"number": 34, "zone": 1, "x": 14, "y": 8, "direction": "HO", "is_archived": false}}, {"model": "main.parkingspot", "pk": 35, "fields": {"number": 35, "zone": 1, "x": 14, "y": 9, "direction": "HO", "is_archived": false}}, {"model": "main.parkingspot", "pk": 36, "fields": {"number": 36, "zone": 1, "x": 14, "y": 10, "direction": "HO", "is_archived": false}}, {"model": "main.parkingspot", "pk": 37, "fields": {"number": 37, "zone": 1, "x": 14, "y": 11, "direction": "HO", "is_archived": false}}, {"model": "main.parkingspot", "pk": 38, "fields": {"number": 38, "zone": 1, "x": 14, "y": 12, "direction": "HO", "is_archived": false}}, {"model": "main.parkingspot", "pk": 39, "fields": {"number": 39, "zone": 1, "x": 14, "y": 13, "direction": "HO", "is_archived": false}}, {"model": "main.parkingspot", "pk": 40, "fields": {"number": 40, "zone": 1, "x": 14, "y": 14, "direction": "HO", "is_archived": false}}, {"model": "main.parkingspot", "pk": 41, "fields": {"number": 41, "zone": 1, "x": 14, "y": 15, "direction": "HO", "is_archived": false}}, {"model": "main.parkingspot", "pk": 42, "fields": {"number": 42, "zone": 1, "x": 14, "y": 16, "direction": "HO", "is_archived": false}}, {"model": "main.parkingspot", "pk": 43, "fields": {"number": 43, "zone": 1, "x": 19, "y": 3, "direction": "VE", "is_archived": false}}, {"model": "main.parkingspot", "pk": 44, "fields": {"number": 44, "zone": 1, "x": 19, "y": 5, "direction": "VE", "is_archived": false}}, {"model": "main.parkingspot", "pk": 45, "fields": {"number": 45, "zone": 1, "x": 19, "y": 7, "direction": "VE", "is_archived": false}}, {"model": "main.parkingspot", "pk": 46, "fields": {"number": 46, "zone": 1, "x": 19, "y": 9, "direction": "VE", "is_archived": false}}, {"model": "main.parkingspot", "pk": 47, "fields": {"number": 47, "zone": 1, "x": 19, "y": 11, "direction": "VE", "is_archived": false}}, {"model": "main.parkingspot", "pk": 48, "fields": {"number": 48, "zone": 1, "x": 19, "y": 13, "direction": "VE", "is_archived": false}}, {"model": "main.parkingspot", "pk": 49, "fields": {"number": 49, "zone": 1, "x": 19, "y": 15, "direction": "VE", "is_archived": false}}, {"model": "main.parkingspot", "pk": 50, "fields": {"number": 1, "zone": 2, "x": 3, "y": 12, "direction": "VE", "is_archived": false}}, {"model": "main.parkingspot", "pk": 51, "fields": {"number": 2, "zone": 2, "x": 3, "y": 14, "direction": "VE", "is_archived": false}}, {"model": "main.parkingspot", "pk": 52, "fields": {"number": 3, "zone": 2, "x": 3, "y": 16, "direction": "VE", "is_archived": false}}, {"model": "main.parkingspot", "pk": 53, "fields": {"number": 4, "zone": 2, "x": 3, "y": 18, "direction": "VE", "is_archived": false}}, {"model": "main.parkingspot", "pk": 54, "fields": {"number": 5, "zone": 2, "x": 3, "y": 20, "direction": "VE", "is_archived": false}}, {"model": "main.parkingspot", "pk": 55, "fields": {"number": 6, "zone": 2, "x": 3, "y": 22, "direction": "VE", "is_archived": false}}, {"model": "main.parkingspot", "pk": 56, "fields": {"number": 7, "zone": 2, "x": 3, "y": 24, "direction": "VE", "is_archived": false}}, {"model": "main.parkingspot", "pk": 57, "fields": {"number": 8, "zone": 2, "x": 3, "y": 26, "direction": "VE", "is_archived": false}}, {"model": "main.parkingspot", "pk": 58, "fields": {"number": 9, "zone": 2, "x": 3, "y": 28, "direction": "VE", "is_archived": false}}, {"model": "main.parkingspot", "pk": 59, "fields": {"number": 10, "zone": 2, "x": 3, "y": 30, "direction": "VE", "is_archived": false}}, {"model": "main.parkingspot", "pk": 60, "fields": {"number": 11, "zone": 2, "x": 7, "y": 12, "direction": "VE", "is_archived": false}}, {"model": "main.parkingspot", "pk": 61, "fields": {"number": 12, "zone": 2, "x": 7, "y": 14, "direction": "VE", "is_archived": false}}, {"model": "main.parkingspot", "pk": 62, "fields": {"number": 13, "zone": 2, "x": 7, "y": 16, "direction": "VE", "is_archived": false}}, {"model": "main.parkingspot", "pk": 63, "fields": {"number": 14, "zone": 2, "x": 7, "y": 18, "direction": "VE", "is_archived": false}}, {"model": "main.parkingspot", "pk": 64, "fields": {"number": 15, "zone": 2, "x": 7, "y": 20, "direction": "VE", "is_archived": false}}, {"model": "main.parkingspot", "pk": 65, "fields": {"number": 16, "zone": 2, "x": 7, "y": 22, "direction": "VE", "is_archived": false}}, {"model": "main.parkingspot", "pk": 66, "fields": {"number": 17, "zone": 2, "x": 7, "y": 24, "direction": "VE", "is_archived": false}}, {"model": "main.parkingspot", "pk": 67, "fields": {"number": 18, "zone": 2, "x": 7, "y": 26, "direction": "VE", "is_archived": false}}, {"model": "main.parkingspot", "pk": 68, "fields": {"number": 19, "zone": 2, "x": 7, "y": 28, "direction": "VE", "is_archived": false}}, {"model": "main.parkingspot", "pk": 69, "fields": {"number": 20, "zone": 2, "x": 7, "y": 30, "direction": "VE", "is_archived": false}}, {"model": "main.parkingspot", "pk": 70, "fields": {"number": 21, "zone": 2, "x": 8, "y": 12, "direction": "VE", "is_archived": false}}, {"model": "main.parkingspot", "pk": 71, "fields": {"number": 22, "zone": 2, "x": 8, "y": 14, "direction": "VE", "is_archived": false}}, {"model": "main.parkingspot", "pk": 72, "fields": {"number": 23, "zone": 2, "x": 8, "y": 16, "direction": "VE", "is_archived": false}}, {"model": "main.parkingspot", "pk": 73, "fields": {"number": 24, "zone": 2, "x": 8, "y": 18, "direction": "VE", "is_archived": false}}, {"model": "main.parkingspot", "pk": 74, "fields": {"number": 25, "zone": 2, "x": 8, "y": 20, "direction": "VE", "is_archived": false}}, {"model": "main.parkingspot", "pk": 75, "fields": {"number": 26, "zone": 2, "x": 8, "y": 22, "direction": "VE", "is_archived": false}}, {"model": "main.parkingspot", "pk": 76, "fields": {"number": 27, "zone": 2, "x": 8, "y": 24, "direction": "VE", "is_archived": false}}, {"model": "main.parkingspot", "pk": 77, "fields": {"number": 28, "zone": 2, "x": 8, "y": 26, "direction": "VE", "is_archived": false}}, {"model": "main.parkingspot", "pk": 78, "fields": {"number": 29, "zone": 2, "x": 8, "y": 28, "direction": "VE", "is_archived": false}}, {"model": "main.parkingspot", "pk": 79, "fields": {"number": 30, "zone": 2, "x": 8, "y": 30, "direction": "VE", "is_archived": false}}, {"model": "main.parkingspot", "pk": 80, "fields": {"number": 31, "zone": 2, "x": 12, "y": 30, "direction": "VE", "is_archived": false}}, {"model": "main.parkingspot", "pk": 81, "fields": {"number": 32, "zone": 2, "x": 12, "y": 28, "direction": "VE", "is_archived": false}}, {"model": "main.parkingspot", "pk": 82, "fields": {"number": 33, "zone": 2, "x": 12, "y": 26, "direction": "VE", "is_archived": false}}, {"model": "main.parkingspot", "pk": 83, "fields": {"number": 34, "zone": 2, "x": 18, "y": 10, "direction": "VE", "is_archived": false}}, {"model": "main.parkingspot", "pk": 84, "fields": {"number": 35, "zone": 2, "x": 19, "y": 10, "direction": "VE", "is_archived": false}}, {"model": "main.parkingspot", "pk": 85, "fields": {"number": 36, "zone": 2, "x": 20, "y": 10, "direction": "VE", "is_archived": false}}, {"model": "main.parkingspot", "pk": 86, "fields": {"number": 37, "zone": 2, "x": 21, "y": 10, "direction": "VE", "is_archived": false}}, {"model": "main.parkingspot", "pk": 87, "fields": {"number": 38, "zone": 2, "x": 22, "y": 10, "direction": "VE", "is_archived": false}}, {"model": "main.parkingspot", "pk": 88, "fields": {"number": 39, "zone": 2, "x": 23, "y": 10, "direction": "VE", "is_archived": false}}, {"model": "main.parkingspot", "pk": 89, "fields": {"number": 40, "zone": 2, "x": 24, "y": 10, "direction": "VE", "is_archived": false}}, {"model": "main.parkingspot", "pk": 90, "fields": {"number": 41, "zone": 2, "x": 25, "y": 10, "direction": "VE", "is_archived": false}}, {"model": "main.parkingspot", "pk": 91, "fields": {"number": 42, "zone": 2, "x": 26, "y": 10, "direction": "VE", "is_archived": false}}, {"model": "main.parkingspot", "pk": 92, "fields": {"number": 43, "zone": 2, "x": 27, "y": 10, "direction": "VE", "is_archived": false}}, {"model": "main.parkingspot", "pk": 93, "fields": {"number": 44, "zone": 2, "x": 28, "y": 10, "direction": "VE", "is_archived": false}}, {"model": "main.parkingspot", "pk": 94, "fields": {"number": 45, "zone": 2, "x": 29, "y": 10, "direction": "VE", "is_archived": false}}, {"model": "main.parkingspot", "pk": 95, "fields": {"number": 46, "zone": 2, "x": 30, "y": 10, "direction": "VE", "is_archived": false}}, {"model": "main.parkingspot", "pk": 96, "fields": {"number": 47, "zone": 2, "x": 31, "y": 10, "direction": "VE", "is_archived": false}}, {"model": "main.parkingspot", "pk": 97, "fields": {"number": 48, "zone": 2, "x": 32, "y": 10, "direction": "VE", "is_archived": false}}, {"model": "main.parkingspot", "pk": 98, "fields": {"number": 49, "zone": 2, "x": 33, "y": 10, "direction": "VE", "is_archived": false}}, {"model": "main.parkingspot", "pk": 99, "fields": {"number": 50, "zone": 2, "x": 34, "y": 10, "direction": "VE", "is_archived": false}}, {"model": "main.parkingspot", "pk": 100, "fields": {"number": 51, "zone": 2, "x": 35, "y": 10, "direction": "VE", "is_archived": false}}, {"model": "main.parkingspot", "pk": 101, "fields": {"number": 52, "zone": 2, "x": 36, "y": 10, "direction": "VE", "is_archived": false}}, {"model": "main.parkingspot", "pk": 102, "fields": {"number": 53, "zone": 2, "x": 37, "y": 10, "direction": "VE", "is_archived": false}}, {"model": "main.parkingspot", "pk": 103, "fields": {"number": 54, "zone": 2, "x": 38, "y": 10, "direction": "VE", "is_archived": false}}, {"model": "main.parkingspot", "pk": 104, "fields": {"number": 55, "zone": 2, "x": 39, "y": 10, "direction": "VE", "is_archived": false}}, {"model": "main.parkingspot", "pk": 105, "fields": {"number": 56, "zone": 2, "x": 40, "y": 10, "direction": "VE", "is_archived": false}}, {"model": "main.parkingspot", "pk": 106, "fields": {"number": 57, "zone": 2, "x": 41, "y": 10, "direction": "VE", "is_archived": false}}, {"model": "main.parkingspot", "pk": 107, "fields": {"number": 58, "zone": 2, "x": 42, "y": 10, "direction": "VE", "is_archived": false}}, {"model": "main.parkingspot", "pk": 108, "fields": {"number": 59, "zone": 2, "x": 43, "y": 10, "direction": "VE", "is_archived": false}}, {"model": "main.parkingspot", "pk": 109, "fields": {"number": 60, "zone": 2, "x": 44, "y": 10, "direction": "VE", "is_archived": false}}, {"model": "main.parkingspot", "pk": 110, "fields": {"number": 61, "zone": 2, "x": 45, "y": 10, "direction": "VE", "is_archived": false}}, {"model": "main.parkingspot", "pk": 111, "fields": {"number": 62, "zone": 2, "x": 46, "y": 10, "direction": "VE", "is_archived": false}}, {"model": "main.parkingspot", "pk": 112, "fields": {"number": 63, "zone": 2, "x": 47, "y": 10, "direction": "VE", "is_archived": false}}, {"model": "main.parkingspot", "pk": 113, "fields": {"number": 64, "zone": 2, "x": 48, "y": 10, "direction": "VE", "is_archived": false}}, {"model": "main.parkingspot", "pk": 114, "fields": {"number": 65, "zone": 2, "x": 18, "y": 4, "direction": "VE", "is_archived": false}}, {"model": "main.parkingspot", "pk": 115, "fields": {"number": 66, "zone": 2, "x": 19, "y": 4, "direction": "VE", "is_archived": false}}, {"model": "main.parkingspot", "pk": 116, "fields": {"number": 67, "zone": 2, "x": 20, "y": 4, "direction": "VE", "is_archived": false}}, {"model": "main.parkingspot", "pk": 117, "fields": {"number": 68, "zone": 2, "x": 21, "y": 4, "direction": "VE", "is_archived": false}}, {"model": "main.parkingspot", "pk": 118, "fields": {"number": 69, "zone": 2, "x": 22, "y": 4, "direction": "VE", "is_archived": false}}, {"model": "main.parkingspot", "pk": 119, "fields": {"number": 70, "zone": 2, "x": 23, "y": 4, "direction": "VE", "is_archived": false}}, {"model": "main.parkingspot", "pk": 120, "fields": {"number": 71, "zone": 2, "x": 24, "y": 4, "direction": "VE", "is_archived": false}}, {"model": "main.parkingspot", "pk": 121, "fields": {"number": 72, "zone": 2, "x": 25, "y": 4, "direction": "VE", "is_archived": false}}, {"model": "main.parkingspot", "pk": 122, "fields": {"number": 73, "zone": 2, "x": 26, "y": 4, "direction": "VE", "is_archived": false}}, {"model": "main.parkingspot", "pk": 123, "fields": {"number": 74, "zone": 2, "x": 27, "y": 4, "direction": "VE", "is_archived": false}}, {"model": "main.parkingspot", "pk": 124, "fields": {"number": 75, "zone": 2, "x": 28, "y": 4, "direction": "VE", "is_archived": false}}, {"model": "main.parkingspot", "pk": 125, "fields": {"number": 76, "zone": 2, "x": 29, "y": 4, "direction": "VE", "is_archived": false}}, {"model": "main.parkingspot", "pk": 126, "fields": {"number": 77, "zone": 2, "x": 30, "y": 4, "direction": "VE", "is_archived": false}}, {"model": "main.parkingspot", "pk": 127, "fields": {"number": 78, "zone": 2, "x": 31, "y": 4, "direction": "VE", "is_archived": false}}, {"model": "main.parkingspot", "pk": 128, "fields": {"number": 79, "zone": 2, "x": 32, "y": 4, "direction": "VE", "is_archived": false}}, {"model": "main.parkingspot", "pk": 129, "fields": {"number": 80, "zone": 2, "x": 33, "y": 4, "direction": "VE", "is_archived": false}}, {"model": "main.parkingspot", "pk": 130, "fields": {"number": 81, "zone": 2, "x": 34, "y": 4, "direction": "VE", "is_archived": false}}, {"model": "main.parkingspot", "pk": 131, "fields": {"number": 82, "zone": 2, "x": 35, "y": 4, "direction": "VE", "is_archived": false}}, {"model": "main.parkingspot", "pk": 132, "fields": {"number": 83, "zone": 2, "x": 36, "y": 4, "direction": "VE", "is_archived": false}}, {"model": "main.parkingspot", "pk": 133, "fields": {"number": 84, "zone": 2, "x": 37, "y": 4, "direction": "VE", "is_archived": false}}, {"model": "main.parkingspot", "pk": 134, "fields": {"number": 85, "zone": 2, "x": 38, "y": 4, "direction": "VE", "is_archived": false}}, {"model": "main.parkingspot", "pk": 135, "fields": {"number": 86, "zone": 2, "x": 39, "y": 4, "direction": "VE", "is_archived": false}}, {"model": "main.parkingspot", "pk": 136, "fields": {"number": 87, "zone": 2, "x": 40, "y": 4, "direction": "VE", "is_archived": false}}, {"model": "main.parkingspot", "pk": 137, "fields": {"number": 88, "zone": 2, "x": 41, "y": 4, "direction": "VE", "is_archived": false}}, {"model": "main.parkingspot", "pk": 138, "fields": {"number": 89, "zone": 2, "x": 42, "y": 4, "direction": "VE", "is_archived": false}}, {"model": "main.parkingspot", "pk": 139, "fields": {"number": 90, "zone": 2, "x": 43, "y": 4, "direction": "VE", "is_archived": false}}, {"model": "main.parkingspot", "pk": 140, "fields": {"number": 91, "zone": 2, "x": 44, "y": 4, "direction": "VE", "is_archived": false}}, {"model": "main.parkingspot", "pk": 141, "fields": {"number": 92, "zone": 2, "x": 45, "y": 4, "direction": "VE", "is_archived": false}}, {"model": "main.parkingspot", "pk": 142, "fields": {"number": 93, "zone": 2, "x": 46, "y": 4, "direction": "VE", "is_archived": false}}, {"model": "main.parkingspot", "pk": 143, "fields": {"number": 94, "zone": 2, "x": 47, "y": 4, "direction": "VE", "is_archived": false}}, {"model": "main.parkingspot", "pk": 144, "fields": {"number": 95, "zone": 2, "x": 48, "y": 4, "direction": "VE", "is_archived": false}}, {"model": "main.parkingspot", "pk": 145, "fields": {"number": 1, "zone": 3, "x": 5, "y": 4, "direction": "HO", "is_archived": false}}, {"model": "main.parkingspot", "pk": 146, "fields": {"number": 2, "zone": 3, "x": 7, "y": 4, "direction": "HO", "is_archived": false}}, {"model": "main.parkingspot", "pk": 147, "fields": {"number": 3, "zone": 3, "x": 9, "y": 4, "direction": "HO", "is_archived": false}}, {"model": "main.parkingspot", "pk": 148, "fields": {"number": 4, "zone": 3, "x": 11, "y": 4, "direction": "HO", "is_archived": false}}, {"model": "main.parkingspot", "pk": 149, "fields": {"number": 5, "zone": 3, "x": 13, "y": 4, "direction": "HO", "is_archived": false}}, {"model": "main.parkingspot", "pk": 150, "fields": {"number": 6, "zone": 3, "x": 15, "y": 4, "direction": "HO", "is_archived": false}}, {"model": "main.parkingspot", "pk": 151, "fields": {"number": 7, "zone": 3, "x": 17, "y": 4, "direction": "HO", "is_archived": false}}, {"model": "main.parkingspot", "pk": 152, "fields": {"number": 8, "zone": 3, "x": 19, "y": 4, "direction": "HO", "is_archived": false}}, {"model": "main.parkingspot", "pk": 153, "fields": {"number": 9, "zone": 3, "x": 21, "y": 4, "direction": "HO", "is_archived": false}}, {"model": "main.parkingspot", "pk": 154, "fields": {"number": 10, "zone": 3, "x": 23, "y": 4, "direction": "HO", "is_archived": false}}, {"model": "main.parkingspot", "pk": 155, "fields": {"number": 11, "zone": 3, "x": 25, "y": 4, "direction": "HO", "is_archived": false}}, {"model": "main.parkingspot", "pk": 156, "fields": {"number": 12, "zone": 3, "x": 27, "y": 4, "direction": "HO", "is_archived": false}}, {"model": "main.parkingspot", "pk": 157, "fields": {"number": 13, "zone": 3, "x": 29, "y": 4, "direction": "HO", "is_archived": false}}, {"model": "main.parkingspot", "pk": 158, "fields": {"number": 14, "zone": 3, "x": 31, "y": 4, "direction": "HO", "is_archived": false}}, {"model": "main.parkingspot", "pk": 159, "fields": {"number": 15, "zone": 3, "x": 33, "y": 4, "direction": "HO", "is_archived": false}}, {"model": "main.parkingspot", "pk": 160, "fields": {"number": 16, "zone": 3, "x": 35, "y": 4, "direction": "HO", "is_archived": false}}, {"model": "main.parkingspot", "pk": 161, "fields": {"number": 17, "zone": 3, "x": 37, "y": 4, "direction": "HO", "is_archived": false}}, {"model": "main.parkingspot", "pk": 162, "fields": {"number": 18, "zone": 3, "x": 39, "y": 4, "direction": "HO", "is_archived": false}}, {"model": "main.parkingspot", "pk": 163, "fields": {"number": 19, "zone": 3, "x": 41, "y": 4, "direction": "HO", "is_archived": false}}, {"model": "main.parkingspot", "pk": 164, "fields": {"number": 20, "zone": 3, "x": 43, "y": 4, "direction": "HO", "is_archived": false}}, {"model": "main.parkingspot", "pk": 165, "fields": {"number": 21, "zone": 3, "x": 5, "y": 7, "direction": "HO", "is_archived": false}}, {"model": "main.parkingspot", "pk": 166, "fields": {"number": 22, "zone": 3, "x": 7, "y": 7, "direction": "HO", "is_archived": false}}, {"model": "main.parkingspot", "pk": 167, "fields": {"number": 23, "zone": 3, "x": 9, "y": 7, "direction": "HO", "is_archived": false}}, {"model": "main.parkingspot", "pk": 168, "fields": {"number": 24, "zone": 3, "x": 11, "y": 7, "direction": "HO", "is_archived": false}}, {"model": "main.parkingspot", "pk": 169, "fields": {"number": 25, "zone": 3, "x": 13, "y": 7, "direction": "HO", "is_archived": false}}, {"model": "main.parkingspot", "pk": 170, "fields": {"number": 26, "zone": 3, "x": 15, "y": 7, "direction": "HO", "is_archived": false}}, {"model": "main.parkingspot", "pk": 171, "fields": {"number": 27, "zone": 3, "x": 17, "y": 7, "direction": "HO", "is_archived": false}}, {"model": "main.parkingspot", "pk": 172, "fields": {"number": 28, "zone": 3, "x": 19, "y": 7, "direction": "HO", "is_archived": false}}, {"model": "main.parkingspot", "pk": 173, "fields": {"number": 29, "zone": 3, "x": 21, "y": 7, "direction": "HO", "is_archived": false}}, {"model": "main.parkingspot", "pk": 174, "fields": {"number": 30, "zone": 3, "x": 23, "y": 7, "direction": "HO", "is_archived": false}}, {"model": "main.parkingspot", "pk": 175, "fields": {"number": 31, "zone": 3, "x": 25, "y": 7, "direction": "HO", "is_archived": false}}, {"model": "main.parkingspot", "pk": 176, "fields": {"number": 32, "zone": 3, "x": 27, "y": 7, "direction": "HO", "is_archived": false}}, {"model": "main.parkingspot", "pk": 177, "fields": {"number": 33, "zone": 3, "x": 29, "y": 7, "direction": "HO", "is_archived": false}}, {"model": "main.parkingspot", "pk": 178, "fields": {"number": 34, "zone": 3, "x": 31, "y": 7, "direction": "HO", "is_archived": false}}, {"model": "main.parkingspot", "pk": 179, "fields": {"number": 35, "zone": 3, "x": 33, "y": 7, "direction": "HO", "is_archived": false}}, {"model": "main.parkingspot", "pk": 180, "fields": {"number": 36, "zone": 3, "x": 35, "y": 7, "direction": "HO", "is_archived": false}}, {"model": "main.parkingspot", "pk": 181, "fields": {"number": 37, "zone": 3, "x": 37, "y": 7, "direction": "HO", "is_archived": false}}, {"model": "main.parkingspot", "pk": 182, "fields": {"number": 38, "zone": 3, "x": 39, "y": 7, "direction": "HO", "is_archived": false}}, {"model": "main.parkingspot", "pk": 183, "fields": {"number": 39, "zone": 3, "x": 41, "y": 7, "direction": "HO", "is_archived": false}}, {"model": "main.parkingspot", "pk": 184, "fields": {"number": 40, "zone": 3, "x": 43, "y": 7, "direction": "HO", "is_archived": false}}, {"model": "main.parkingspot", "pk": 185, "fields": {"number": 41, "zone": 3, "x": 5, "y": 8, "direction": "HO", "is_archived": false}}, {"model": "main.parkingspot", "pk": 186, "fields": {"number": 42, "zone": 3, "x": 7, "y": 8, "direction": "HO", "is_archived": false}}, {"model": "main.parkingspot", "pk": 187, "fields": {"number": 43, "zone": 3, "x": 9, "y": 8, "direction": "HO", "is_archived": false}}, {"model": "main.parkingspot", "pk": 188, "fields": {"number": 44, "zone": 3, "x": 11, "y": 8, "direction": "HO", "is_archived": false}}, {"model": "main.parkingspot", "pk": 189, "fields": {"number": 45, "zone": 3, "x": 13, "y": 8, "direction": "HO", "is_archived": false}}, {"model": "main.parkingspot", "pk": 190, "fields": {"number": 46, "zone": 3, "x": 15, "y": 8, "direction": "HO", "is_archived": false}}, {"model": "main.parkingspot", "pk": 191, "fields": {"number": 47, "zone": 3, "x": 17, "y": 8, "direction": "HO", "is_archived": false}}, {"model": "main.parkingspot", "pk": 192, "fields": {"number": 48, "zone": 3, "x": 19, "y": 8, "direction": "HO", "is_archived": false}}, {"model": "main.parkingspot", "pk": 193, "fields": {"number": 49, "zone": 3, "x": 21, "y": 8, "direction": "HO", "is_archived": false}}, {"model": "main.parkingspot", "pk": 194, "fields": {"number": 50, "zone": 3, "x": 23, "y": 8, "direction": "HO", "is_archived": false}}, {"model": "main.parkingspot", "pk": 195, "fields": {"number": 51, "zone": 3, "x": 25, "y": 8, "direction": "HO", "is_archived": false}}, {"model": "main.parkingspot", "pk": 196, "fields": {"number": 52, "zone": 3, "x": 27, "y": 8, "direction": "HO", "is_archived": false}}, {"model": "main.parkingspot", "pk": 197, "fields": {"number": 53, "zone": 3, "x": 29, "y": 8, "direction": "HO", "is_archived": false}}, {"model": "main.parkingspot", "pk": 198, "fields": {"number": 54, "zone": 3, "x": 31, "y": 8, "direction": "HO", "is_archived": false}}, {"model": "main.parkingspot", "pk": 199, "fields": {"number": 55, "zone": 3, "x": 33, "y": 8, "direction": "HO", "is_archived": false}}, {"model": "main.parkingspot", "pk": 200, "fields": {"number": 56, "zone": 3, "x": 35, "y": 8, "direction": "HO", "is_archived": false}}, {"model": "main.parkingspot", "pk": 201, "fields": {"number": 57, "zone": 3, "x": 37, "y": 8, "direction": "HO", "is_archived": false}}, {"model": "main.parkingspot", "pk": 202, "fields": {"number": 58, "zone": 3, "x": 39, "y": 8, "direction": "HO", "is_archived": false}}, {"model": "main.parkingspot", "pk": 203, "fields": {"number": 59, "zone": 3, "x": 41, "y": 8, "direction": "HO", "is_archived": false}}, {"model": "main.parkingspot", "pk": 204, "fields": {"number": 60, "zone": 3, "x": 43, "y": 8, "direction": "HO", "is_archived": false}}, {"model": "main.parkingspot", "pk": 205, "fields": {"number": 61, "zone": 3, "x": 5, "y": 11, "direction": "HO", "is_archived": false}}, {"model": "main.parkingspot", "pk": 206, "fields": {"number": 62, "zone": 3, "x": 7, "y": 11, "direction": "HO", "is_archived": false}}, {"model": "main.parkingspot", "pk": 207, "fields": {"number": 63, "zone": 3, "x": 9, "y": 11, "direction": "HO", "is_archived": false}}, {"model": "main.parkingspot", "pk": 208, "fields": {"number": 64, "zone": 3, "x": 11, "y": 11, "direction": "HO", "is_archived": false}}, {"model": "main.parkingspot", "pk": 209, "fields": {"number": 65, "zone": 3, "x": 13, "y": 11, "direction": "HO", "is_archived": false}}, {"model": "main.parkingspot", "pk": 210, "fields": {"number": 66, "zone": 3, "x": 15, "y": 11, "direction": "HO", "is_archived": false}}, {"model": "main.parkingspot", "pk": 211, "fields": {"number": 67, "zone": 3, "x": 17, "y": 11, "direction": "HO", "is_archived": false}}, {"model": "main.parkingspot", "pk": 212, "fields": {"number": 68, "zone": 3, "x": 19, "y": 11, "direction": "HO", "is_archived": false}}, {"model": "main.parkingspot", "pk": 213, "fields": {"number": 69, "zone": 3, "x": 21, "y": 11, "direction": "HO", "is_archived": false}}, {"model": "main.parkingspot", "pk": 214, "fields": {"number": 70, "zone": 3, "x": 23, "y": 11, "direction": "HO", "is_archived": false}}, {"model": "main.parkingspot", "pk": 215, "fields": {"number": 71, "zone": 3, "x": 25, "y": 11, "direction": "HO", "is_archived": false}}, {"model": "main.parkingspot", "pk": 216, "fields": {"number": 72, "zone": 3, "x": 27, "y": 11, "direction": "HO", "is_archived": false}}, {"model": "main.parkingspot", "pk": 217, "fields": {"number": 73, "zone": 3, "x": 29, "y": 11, "direction": "HO", "is_archived": false}}, {"model": "main.parkingspot", "pk": 218, "fields": {"number": 74, "zone": 3, "x": 31, "y": 11, "direction": "HO", "is_archived": false}}, {"model": "main.parkingspot", "pk": 219, "fields": {"number": 75, "zone": 3, "x": 33, "y": 11, "direction": "HO", "is_archived": false}}, {"model": "main.parkingspot", "pk": 220, "fields": {"number": 76, "zone": 3, "x": 35, "y": 11, "direction": "HO", "is_archived": false}}, {"model": "main.parkingspot", "pk": 221, "fields": {"number": 77, "zone": 3, "x": 37, "y": 11, "direction": "HO", "is_archived": false}}, {"model": "main.parkingspot", "pk": 222, "fields": {"number": 78, "zone": 3, "x": 39, "y": 11, "direction": "HO", "is_archived": false}}, {"model": "main.parkingspot", "pk": 223, "fields": {"number": 79, "zone": 3, "x": 41, "y": 11, "direction": "HO", "is_archived": false}}, {"model": "main.parkingspot", "pk": 224, "fields": {"number": 80, "zone": 3, "x": 43, "y": 11, "direction": "HO", "is_archived": false}}, {"model": "main.parkingspot", "pk": 225, "fields": {"number": 81, "zone": 3, "x": 5, "y": 12, "direction": "HO", "is_archived": false}}, {"model": "main.parkingspot", "pk": 226, "fields": {"number": 82, "zone": 3, "x": 7, "y": 12, "direction": "HO", "is_archived": false}}, {"model": "main.parkingspot", "pk": 227, "fields": {"number": 83, "zone": 3, "x": 9, "y": 12, "direction": "HO", "is_archived": false}}, {"model": "main.parkingspot", "pk": 228, "fields": {"number": 84, "zone": 3, "x": 11, "y": 12, "direction": "HO", "is_archived": false}}, {"model": "main.parkingspot", "pk": 229, "fields": {"number": 85, "zone": 3, "x": 13, "y": 12, "direction": "HO", "is_archived": false}}, {"model": "main.parkingspot", "pk": 230, "fields": {"number": 86, "zone": 3, "x": 15, "y": 12, "direction": "HO", "is_archived": false}}, {"model": "main.parkingspot", "pk": 231, "fields": {"number": 87, "zone": 3, "x": 17, "y": 12, "direction": "HO", "is_archived": false}}, {"model": "main.parkingspot", "pk": 232, "fields": {"number": 88, "zone": 3, "x": 19, "y": 12, "direction": "HO", "is_archived": false}}, {"model": "main.parkingspot", "pk": 233, "fields": {"number": 89, "zone": 3, "x": 21, "y": 12, "direction": "HO", "is_archived": false}}, {"model": "main.parkingspot", "pk": 234, "fields": {"number": 90, "zone": 3, "x": 23, "y": 12, "direction": "HO", "is_archived": false}}, {"model": "main.parkingspot", "pk": 235, "fields": {"number": 91, "zone": 3, "x": 25, "y": 12, "direction": "HO", "is_archived": false}}, {"model": "main.parkingspot", "pk": 236, "fields": {"number": 92, "zone": 3, "x": 27, "y": 12, "direction": "HO", "is_archived": false}}, {"model": "main.parkingspot", "pk": 237, "fields": {"number": 93, "zone": 3, "x": 29, "y": 12, "direction": "HO", "is_archived": false}}, {"model": "main.parkingspot", "pk": 238, "fields": {"number": 94, "zone": 3, "x": 31, "y": 12, "direction": "HO", "is_archived": false}}, {"model": "main.parkingspot", "pk": 239, "fields": {"number": 95, "zone": 3, "x": 33, "y": 12, "direction": "HO", "is_archived": false}}, {"model": "main.parkingspot", "pk": 240, "fields": {"number": 96, "zone": 3, "x": 35, "y": 12, "direction": "HO", "is_archived": false}}, {"model": "main.parkingspot", "pk": 241, "fields": {"number": 97, "zone": 3, "x": 37, "y": 12, "direction": "HO", "is_archived": false}}, {"model": "main.parkingspot", "pk": 242, "fields": {"number": 98, "zone": 3, "x": 39, "y": 12, "direction": "HO", "is_archived": false}}, {"model": "main.parkingspot", "pk": 243, "fields": {"number": 99, "zone": 3, "x": 41, "y": 12, "direction": "HO", "is_archived": false}}, {"model": "main.parkingspot", "pk": 244, "fields": {"number": 100, "zone": 3, "x": 43, "y": 12, "direction": "HO", "is_archived": false}}, {"model": "main.parkingspot", "pk": 245, "fields": {"number": 101, "zone": 3, "x": 5, "y": 15, "direction": "HO", "is_archived": false}}, {"model": "main.parkingspot", "pk": 246, "fields": {"number": 102, "zone": 3, "x": 7, "y": 15, "direction": "HO", "is_archived": false}}, {"model": "main.parkingspot", "pk": 247, "fields": {"number": 103, "zone": 3, "x": 9, "y": 15, "direction": "HO", "is_archived": false}}, {"model": "main.parkingspot", "pk": 248, "fields": {"number": 104, "zone": 3, "x": 11, "y": 15, "direction": "HO", "is_archived": false}}, {"model": "main.parkingspot", "pk": 249, "fields": {"number": 105, "zone": 3, "x": 13, "y": 15, "direction": "HO", "is_archived": false}}, {"model": "main.parkingspot", "pk": 250, "fields": {"number": 106, "zone": 3, "x": 15, "y": 15, "direction": "HO", "is_archived": false}}, {"model": "main.parkingspot", "pk": 251, "fields": {"number": 107, "zone": 3, "x": 17, "y": 15, "direction": "HO", "is_archived": false}}, {"model": "main.parkingspot", "pk": 252, "fields": {"number": 108, "zone": 3, "x": 19, "y": 15, "direction": "HO", "is_archived": false}}, {"model": "main.parkingspot", "pk": 253, "fields": {"number": 109, "zone": 3, "x": 21, "y": 15, "direction": "HO", "is_archived": false}}, {"model": "main.parkingspot", "pk": 254, "fields": {"number": 110, "zone": 3, "x": 23, "y": 15, "direction": "HO", "is_archived": false}}, {"model": "main.parkingspot", "pk": 255, "fields": {"number": 111, "zone": 3, "x": 25, "y": 15, "direction": "HO", "is_archived": false}}, {"model": "main.parkingspot", "pk": 256, "fields": {"number": 112, "zone": 3, "x": 27, "y": 15, "direction": "HO", "is_archived": false}}, {"model": "main.parkingspot", "pk": 257, "fields": {"number": 113, "zone": 3, "x": 29, "y": 15, "direction": "HO", "is_archived": false}}, {"model": "main.parkingspot", "pk": 258, "fields": {"number": 114, "zone": 3, "x": 31, "y": 15, "direction": "HO", "is_archived": false}}, {"model": "main.parkingspot", "pk": 259, "fields": {"number": 115, "zone": 3, "x": 33, "y": 15, "direction": "HO", "is_archived": false}}, {"model": "main.parkingspot", "pk": 260, "fields": {"number": 116, "zone": 3, "x": 35, "y": 15, "direction": "HO", "is_archived": false}}, {"model": "main.parkingspot", "pk": 261, "fields": {"number": 117, "zone": 3, "x": 37, "y": 15, "direction": "HO", "is_archived": false}}, {"model": "main.parkingspot", "pk": 262, "fields": {"number": 118, "zone": 3, "x": 39, "y": 15, "direction": "HO", "is_archived": false}}, {"model": "main.parkingspot", "pk": 263, "fields": {"number": 119, "zone": 3, "x": 41, "y": 15, "direction": "HO", "is_archived": false}}, {"model": "main.parkingspot", "pk": 264, "fields": {"number": 120, "zone": 3, "x": 43, "y": 15, "direction": "HO", "is_archived": false}}]