[{"model": "main.user", "pk": 1, "fields": {"password": "pbkdf2_sha256$320000$T8AUUDOinasMgGUGEsoYES$rXhp7NWfXqVp9M92Cma1fcWmtUkzdVlSD1XPujDczOQ=", "last_login": "2022-07-11T04:43:04.615", "is_superuser": true, "username": "a61207@ualg.pt", "first_name": "a61207", "last_name": "", "is_staff": true, "is_active": true, "date_joined": "2022-07-10T03:29:34.206", "email": "a61207@ualg.pt", "groups": [], "user_permissions": []}}, {"model": "main.user", "pk": 2, "fields": {"password": "pbkdf2_sha256$320000$CHgkDXDzgi47aIaa4zerTP$PRkL18m7fRo0NFABnldFxCPy0CZSus6/ca9cG7jXAMc=", "last_login": "2022-07-11T02:43:59.752", "is_superuser": false, "username": "employee@test.com", "first_name": "Pedro", "last_name": "Santos", "is_staff": false, "is_active": true, "date_joined": "2022-07-11T02:43:26.661", "email": "employee@test.com", "groups": [], "user_permissions": []}}, {"model": "main.user", "pk": 3, "fields": {"password": "pbkdf2_sha256$320000$PwNDa5EKEWCVNM9hbzRWuO$HZDNvXuHcJFrhX/YBRFZj5blw41Akrkhdh1WrsKA8E4=", "last_login": "2022-07-11T04:29:34.288", "is_superuser": false, "username": "client@test.com", "first_name": "Andre", "last_name": "Santos", "is_staff": false, "is_active": true, "date_joined": "2022-07-11T02:43:54.300", "email": "client@test.com", "groups": [], "user_permissions": []}}, {"model": "main.administrator", "pk": 1, "fields": {"user": 1}}, {"model": "main.employee", "pk": 1, "fields": {"user": 2}}, {"model": "main.client", "pk": 2, "fields": {"user": 3, "nif": null}}, {"model": "main.car", "pk": 1, "fields": {"client": 2, "registration": "AA-AA-AA", "foreign": true, "brand": "Toyota", "model": "2", "deleted": false, "created": "2022-07-11T02:45:03.689", "updated": "2022-07-11T02:45:03.689"}}, {"model": "main.rolerequest", "pk": 1, "fields": {"user": 2, "role": "EM", "is_accepted": true, "is_reviewed": true, "is_erased": false, "created": "2022-07-11T02:43:26.671", "updated": "2022-07-11T02:44:08.853"}}, {"model": "main.timeperiod", "pk": 1, "fields": {"start": "00:00:00", "end": "23:59:00"}}, {"model": "main.timeperiod", "pk": 2, "fields": {"start": "00:00:00", "end": "23:59:00"}}, {"model": "main.timeperiod", "pk": 3, "fields": {"start": "00:00:00", "end": "23:59:00"}}, {"model": "main.timeperiod", "pk": 4, "fields": {"start": "00:00:00", "end": "23:59:00"}}, {"model": "main.timeperiod", "pk": 5, "fields": {"start": "00:00:00", "end": "23:59:00"}}, {"model": "main.timeperiod", "pk": 6, "fields": {"start": "00:00:00", "end": "12:00:00"}}, {"model": "main.timeperiod", "pk": 7, "fields": {"start": "12:00:00", "end": "23:59:00"}}, {"model": "main.timeperiod", "pk": 8, "fields": {"start": null, "end": null}}, {"model": "main.timeperiod", "pk": 9, "fields": {"start": null, "end": null}}, {"model": "main.timeperiod", "pk": 10, "fields": {"start": null, "end": null}}, {"model": "main.timeperiod", "pk": 11, "fields": {"start": null, "end": null}}, {"model": "main.timeperiod", "pk": 12, "fields": {"start": null, "end": null}}, {"model": "main.timeperiod", "pk": 13, "fields": {"start": "00:00:00", "end": "12:00:00"}}, {"model": "main.timeperiod", "pk": 14, "fields": {"start": "12:00:00", "end": "23:59:00"}}, {"model": "main.dateperiod", "pk": 1, "fields": {"start_date": "2022-07-11", "end_date": "2022-08-01"}}, {"model": "main.dateperiod", "pk": 2, "fields": {"start_date": "2022-07-11", "end_date": "2022-08-11"}}, {"model": "main.dateperiod", "pk": 3, "fields": {"start_date": "2022-07-11", "end_date": "2022-08-14"}}, {"model": "main.dateperiod", "pk": 4, "fields": {"start_date": "2022-07-11", "end_date": "2022-08-14"}}, {"model": "main.park", "pk": 1, "fields": {"name": "Alcântara", "address": "Rua das Fontainhas, 13-45", "postal_code": "8200-123", "city": "Albufeira", "typology": "ST", "map_html": "<iframe src=\"https://www.google.com/maps/embed?pb=!1m18!1m12!1m3!1d3181.2418326180377!2d-8.226513879141395!3d37.123161202243416!2m3!1f0!2f0!3f0!3m2!1i1024!2i768!4f13.1!3m3!1m2!1s0xd1acecb13dc0ed3%3A0x6f5e60d44d58bd6a!2sR.%20das%20Fontainhas%2C%20Albufeira!5e0!3m2!1spt-PT!2spt!4v1657503223002!5m2!1spt-PT!2spt\" width=\"600\" height=\"450\" style=\"border:0;\" allowfullscreen=\"\" loading=\"lazy\" referrerpolicy=\"no-referrer-when-downgrade\"></iframe>", "is_open": true, "is_archived": false, "created": "2022-07-11T02:34:28.088", "updated": "2022-07-11T02:34:28.088", "admin": 1}}, {"model": "main.park", "pk": 2, "fields": {"name": "Ameixoeira", "address": "Azinhaga da Cidade", "postal_code": "1800-123", "city": "Lisbon", "typology": "ST", "map_html": "<iframe src=\"https://www.google.com/maps/embed?pb=!1m18!1m12!1m3!1d3110.3678803434577!2d-9.162201085058731!3d38.7782000615672!2m3!1f0!2f0!3f0!3m2!1i1024!2i768!4f13.1!3m3!1m2!1s0xd193293c94639db%3A0x7b9c60f15028f86!2sAzinhaga%20da%20Cidade%2C%20Lisboa!5e0!3m2!1spt-PT!2spt!4v1657503553876!5m2!1spt-PT!2spt\" width=\"600\" height=\"450\" style=\"border:0;\" allowfullscreen=\"\" loading=\"lazy\" referrerpolicy=\"no-referrer-when-downgrade\"></iframe>", "is_open": true, "is_archived": false, "created": "2022-07-11T02:40:04.047", "updated": "2022-07-11T02:40:04.047", "admin": 1}}, {"model": "main.pricetable", "pk": 1, "fields": {"deadline": 2, "archived": false, "park": 1}}, {"model": "main.pricetable", "pk": 2, "fields": {"deadline": 4, "archived": false, "park": 2}}, {"model": "main.pricetype", "pk": 1, "fields": {"minutes": 0, "hours": 0, "total": "1.00", "type": "NO", "table": 1}}, {"model": "main.pricetype", "pk": 2, "fields": {"minutes": 30, "hours": 0, "total": "2.00", "type": "NO", "table": 1}}, {"model": "main.pricetype", "pk": 3, "fields": {"minutes": 0, "hours": 1, "total": "3.00", "type": "NO", "table": 1}}, {"model": "main.pricetype", "pk": 4, "fields": {"minutes": 30, "hours": 0, "total": "1.00", "type": "FI", "table": 1}}, {"model": "main.pricetype", "pk": 5, "fields": {"minutes": 0, "hours": 24, "total": "0.00", "type": "NO", "table": 2}}, {"model": "main.weekschedule", "pk": 1, "fields": {"deadline": 1, "monday": 1, "tuesday": 2, "wednesday": 3, "thursday": 4, "friday": 5, "saturday": 6, "sunday": 7, "archived": false, "park": 1}}, {"model": "main.weekschedule", "pk": 2, "fields": {"deadline": 3, "monday": 8, "tuesday": 9, "wednesday": 10, "thursday": 11, "friday": 12, "saturday": 13, "sunday": 14, "archived": false, "park": 2}}, {"model": "main.zone", "pk": 1, "fields": {"name": "A", "park": 1, "is_archived": false, "is_open": true}}, {"model": "main.zone", "pk": 2, "fields": {"name": "B", "park": 1, "is_archived": false, "is_open": true}}, {"model": "main.zone", "pk": 3, "fields": {"name": "C", "park": 2, "is_archived": false, "is_open": true}}, {"model": "main.zone", "pk": 4, "fields": {"name": "D", "park": 2, "is_archived": false, "is_open": true}}, {"model": "main.parkingspot", "pk": 1, "fields": {"number": 1, "zone": 1, "x": 31, "y": 11, "direction": "HO", "is_archived": false}}, {"model": "main.parkingspot", "pk": 2, "fields": {"number": 2, "zone": 1, "x": 33, "y": 11, "direction": "HO", "is_archived": false}}, {"model": "main.parkingspot", "pk": 3, "fields": {"number": 3, "zone": 1, "x": 30, "y": 12, "direction": "VE", "is_archived": false}}, {"model": "main.parkingspot", "pk": 4, "fields": {"number": 4, "zone": 1, "x": 30, "y": 14, "direction": "VE", "is_archived": false}}, {"model": "main.parkingspot", "pk": 5, "fields": {"number": 5, "zone": 1, "x": 30, "y": 16, "direction": "VE", "is_archived": false}}, {"model": "main.parkingspot", "pk": 6, "fields": {"number": 6, "zone": 1, "x": 35, "y": 12, "direction": "VE", "is_archived": false}}, {"model": "main.parkingspot", "pk": 7, "fields": {"number": 7, "zone": 1, "x": 35, "y": 14, "direction": "VE", "is_archived": false}}, {"model": "main.parkingspot", "pk": 8, "fields": {"number": 8, "zone": 1, "x": 35, "y": 16, "direction": "VE", "is_archived": false}}, {"model": "main.parkingspot", "pk": 9, "fields": {"number": 9, "zone": 1, "x": 31, "y": 14, "direction": "HO", "is_archived": false}}, {"model": "main.parkingspot", "pk": 10, "fields": {"number": 10, "zone": 1, "x": 33, "y": 14, "direction": "HO", "is_archived": false}}, {"model": "main.parkingspot", "pk": 11, "fields": {"number": 1, "zone": 2, "x": 43, "y": 11, "direction": "HO", "is_archived": false}}, {"model": "main.parkingspot", "pk": 12, "fields": {"number": 2, "zone": 2, "x": 45, "y": 11, "direction": "HO", "is_archived": false}}, {"model": "main.parkingspot", "pk": 13, "fields": {"number": 3, "zone": 2, "x": 43, "y": 14, "direction": "HO", "is_archived": false}}, {"model": "main.parkingspot", "pk": 14, "fields": {"number": 4, "zone": 2, "x": 45, "y": 14, "direction": "HO", "is_archived": false}}, {"model": "main.parkingspot", "pk": 15, "fields": {"number": 5, "zone": 2, "x": 43, "y": 17, "direction": "HO", "is_archived": false}}, {"model": "main.parkingspot", "pk": 16, "fields": {"number": 6, "zone": 2, "x": 45, "y": 17, "direction": "HO", "is_archived": false}}, {"model": "main.parkingspot", "pk": 17, "fields": {"number": 9, "zone": 2, "x": 47, "y": 15, "direction": "VE", "is_archived": false}}, {"model": "main.parkingspot", "pk": 18, "fields": {"number": 10, "zone": 2, "x": 47, "y": 12, "direction": "VE", "is_archived": false}}, {"model": "main.parkingspot", "pk": 19, "fields": {"number": 7, "zone": 2, "x": 43, "y": 12, "direction": "VE", "is_archived": false}}, {"model": "main.parkingspot", "pk": 20, "fields": {"number": 8, "zone": 2, "x": 43, "y": 15, "direction": "VE", "is_archived": false}}, {"model": "main.parkingspot", "pk": 21, "fields": {"number": 1, "zone": 3, "x": 47, "y": 9, "direction": "HO", "is_archived": false}}, {"model": "main.parkingspot", "pk": 22, "fields": {"number": 2, "zone": 3, "x": 45, "y": 9, "direction": "HO", "is_archived": false}}, {"model": "main.parkingspot", "pk": 23, "fields": {"number": 3, "zone": 3, "x": 45, "y": 14, "direction": "HO", "is_archived": false}}, {"model": "main.parkingspot", "pk": 24, "fields": {"number": 4, "zone": 3, "x": 47, "y": 14, "direction": "HO", "is_archived": false}}, {"model": "main.parkingspot", "pk": 25, "fields": {"number": 5, "zone": 3, "x": 44, "y": 10, "direction": "VE", "is_archived": false}}, {"model": "main.parkingspot", "pk": 26, "fields": {"number": 6, "zone": 3, "x": 44, "y": 12, "direction": "VE", "is_archived": false}}, {"model": "main.parkingspot", "pk": 27, "fields": {"number": 1, "zone": 4, "x": 36, "y": 9, "direction": "HO", "is_archived": false}}, {"model": "main.parkingspot", "pk": 28, "fields": {"number": 2, "zone": 4, "x": 38, "y": 9, "direction": "HO", "is_archived": false}}, {"model": "main.parkingspot", "pk": 29, "fields": {"number": 3, "zone": 4, "x": 36, "y": 14, "direction": "HO", "is_archived": false}}, {"model": "main.parkingspot", "pk": 30, "fields": {"number": 4, "zone": 4, "x": 38, "y": 14, "direction": "HO", "is_archived": false}}, {"model": "main.parkingspot", "pk": 31, "fields": {"number": 5, "zone": 4, "x": 40, "y": 10, "direction": "VE", "is_archived": false}}, {"model": "main.parkingspot", "pk": 32, "fields": {"number": 6, "zone": 4, "x": 40, "y": 12, "direction": "VE", "is_archived": false}}, {"model": "main.parkingspot", "pk": 33, "fields": {"number": 7, "zone": 4, "x": 36, "y": 10, "direction": "VE", "is_archived": false}}, {"model": "main.parkingspot", "pk": 34, "fields": {"number": 8, "zone": 4, "x": 36, "y": 12, "direction": "VE", "is_archived": false}}, {"model": "main.estadoreserva", "pk": 1, "fields": {"nome": "Active"}}, {"model": "main.estadoreserva", "pk": 2, "fields": {"nome": "Inactive"}}, {"model": "main.estadoreserva", "pk": 3, "fields": {"nome": "Unavailable"}}, {"model": "main.modalidadepagamento", "pk": 1, "fields": {"nome": "MBWAY"}}, {"model": "main.periocidade", "pk": 1, "fields": {"start": "2022-07-11T12:12:00", "end": "2022-07-13T12:12:00"}}, {"model": "main.periocidade", "pk": 2, "fields": {"start": "2022-07-11T02:46:00", "end": "2022-07-19T02:22:00"}}, {"model": "main.periocidade", "pk": 3, "fields": {"start": "2022-07-11T02:07:00", "end": "2022-07-19T02:07:00"}}, {"model": "main.periocidade", "pk": 4, "fields": {"start": "2022-07-11T00:00:00", "end": "2022-08-29T00:00:00"}}, {"model": "main.periocidade", "pk": 5, "fields": {"start": "2022-07-11T11:00:00", "end": null}}, {"model": "main.periocidade", "pk": 6, "fields": {"start": "2022-07-11T11:00:00", "end": null}}, {"model": "main.periocidade", "pk": 7, "fields": {"start": "2022-07-11T11:00:00", "end": null}}, {"model": "main.periocidade", "pk": 8, "fields": {"start": "2022-07-11T11:00:00", "end": null}}, {"model": "main.periocidade", "pk": 9, "fields": {"start": "2022-07-11T11:11:00", "end": null}}, {"model": "main.periocidade", "pk": 10, "fields": {"start": "2022-07-11T11:11:00", "end": null}}, {"model": "main.periocidade", "pk": 11, "fields": {"start": "2022-07-11T11:11:00", "end": null}}, {"model": "main.periocidade", "pk": 12, "fields": {"start": "2022-07-11T11:11:00", "end": null}}, {"model": "main.periocidade", "pk": 13, "fields": {"start": "2022-07-11T00:00:00", "end": "2022-08-31T00:00:00"}}, {"model": "main.entradassaidas", "pk": 1, "fields": {"periocidadeid": 8, "matriculaviatura": "AA-AA-AA", "lugarid": 25, "in_spot": true, "tipo": "Contrato", "criadoem": "2022-07-11T03:17:00.265", "editadoem": "2022-07-11T03:17:00.265"}}, {"model": "main.entradassaidas", "pk": 2, "fields": {"periocidadeid": 9, "matriculaviatura": "AA-AA-AA", "lugarid": 25, "in_spot": false, "tipo": "Contrato", "criadoem": "2022-07-11T03:23:58.908", "editadoem": "2022-07-11T03:23:58.908"}}, {"model": "main.entradassaidas", "pk": 3, "fields": {"periocidadeid": 11, "matriculaviatura": "AA-AA-AA", "lugarid": 25, "in_spot": false, "tipo": "Contrato", "criadoem": "2022-07-11T04:02:04.195", "editadoem": "2022-07-11T04:02:04.195"}}, {"model": "main.entradassaidas", "pk": 4, "fields": {"periocidadeid": 12, "matriculaviatura": "AA-AA-AA", "lugarid": 25, "in_spot": false, "tipo": "Contrato", "criadoem": "2022-07-11T04:04:55.942", "editadoem": "2022-07-11T04:04:55.942"}}, {"model": "main.contrato", "pk": 1, "fields": {"userid": 2, "lugarid": 25, "modalidadepagamentoid": null, "valorcontrato": null, "periocidadeid": 4, "matricula": 1, "criadoem": "2022-07-11T02:48:30.329", "editadoem": "2022-07-11T02:48:30.329", "estadoreservaid": 1, "entradassaidasid": null}}, {"model": "main.reserva", "pk": 1, "fields": {"contratoid": null, "parqueid": null, "userid": 2, "matricula": "AA-AA-AA", "lugarid": 2, "divida": null, "preco": null, "periocidadeid": 1, "entradassaidasid": null, "estadoreservaid": 1, "criadoem": "2022-07-11T02:45:48.180", "editadoem": "2022-07-11T02:45:48.180"}}, {"model": "main.reserva", "pk": 2, "fields": {"contratoid": null, "parqueid": null, "userid": 2, "matricula": "BB-22-11", "lugarid": 2, "divida": null, "preco": null, "periocidadeid": 3, "entradassaidasid": null, "estadoreservaid": 1, "criadoem": "2022-07-11T02:47:35.935", "editadoem": "2022-07-11T02:47:35.935"}}, {"model": "main.estadocontrato", "pk": 1, "fields": {"nome": "Active"}}, {"model": "main.estadocontrato", "pk": 2, "fields": {"nome": "Inactive"}}, {"model": "main.estadocontrato", "pk": 3, "fields": {"nome": "Unavailable"}}, {"model": "main.facturarecibo", "pk": 1, "fields": {"reservaid": null, "contratoid": 1, "entradasaidaid": null, "multa": "0", "precores": 12.0, "emitidaem": "2022-07-11T02:52:42", "periocidadeid": 3, "contribuinte": "123456789", "comprovativopagamento": "venv_3GBUm3v.bat", "estadofaturaid": 1}}]